run,Number of States,time
0,4,1.1536836624145509e-05
0,5,1.167464256286621e-05
0,6,1.1607050895690918e-05
0,7,1.1599063873291015e-05
0,8,1.15281343460083e-05
0,9,1.1513113975524902e-05
0,10,1.1536121368408204e-05
0,11,1.1583685874938966e-05
0,12,1.1597633361816406e-05
0,13,1.1568546295166015e-05
0,14,1.151818037033081e-05
0,15,1.1532783508300781e-05
0,16,1.1646568775177001e-05
0,17,1.1617541313171387e-05
0,18,1.165693998336792e-05
0,19,1.177293062210083e-05
0,20,1.1778712272644043e-05
0,21,1.1703431606292725e-05
0,22,1.1768758296966553e-05
0,23,1.1824131011962891e-05
0,24,1.1719763278961182e-05
0,25,1.17340087890625e-05
0,26,1.1712014675140381e-05
0,27,1.1749625205993653e-05
0,28,1.1825025081634521e-05
0,29,1.1834621429443359e-05
0,30,1.1706113815307616e-05
0,31,1.176375150680542e-05
0,32,1.1798858642578125e-05
0,33,1.1751294136047363e-05
0,34,1.1772453784942626e-05
0,35,1.1756479740142823e-05
0,36,1.1724114418029786e-05
0,37,1.1816561222076416e-05
0,38,1.172739267349243e-05
0,39,1.1730015277862549e-05
0,40,1.1787354946136474e-05
0,41,1.1707425117492676e-05
0,42,1.1651933193206787e-05
0,43,1.1711180210113525e-05
0,44,1.17223858833313e-05
0,45,1.1696994304656982e-05
0,46,1.1728763580322266e-05
0,47,1.1768996715545654e-05
0,48,1.1777877807617187e-05
0,49,1.1731147766113281e-05
0,50,1.1783957481384277e-05
1,4,1.157081127166748e-05
1,5,1.1587142944335938e-05
1,6,1.1612892150878906e-05
1,7,1.1642158031463623e-05
1,8,1.1584997177124024e-05
1,9,1.1570632457733154e-05
1,10,1.1602818965911866e-05
1,11,1.1533141136169434e-05
1,12,1.1684715747833252e-05
1,13,1.1633157730102539e-05
1,14,1.1580348014831543e-05
1,15,1.1533260345458985e-05
1,16,1.1671185493469238e-05
1,17,1.1736273765563964e-05
1,18,1.1579334735870362e-05
1,19,1.1609256267547607e-05
1,20,1.160222291946411e-05
1,21,1.1593103408813477e-05
1,22,1.1606752872467042e-05
1,23,1.1588215827941895e-05
1,24,1.1551737785339356e-05
1,25,1.1570632457733154e-05
1,26,1.1565983295440673e-05
1,27,1.1481881141662597e-05
1,28,1.1625409126281738e-05
1,29,1.1555135250091553e-05
1,30,1.15317702293396e-05
1,31,1.1579394340515137e-05
1,32,1.1648774147033691e-05
1,33,1.1619627475738525e-05
1,34,1.1662125587463378e-05
1,35,1.1614084243774414e-05
1,36,1.161724328994751e-05
1,37,1.1738121509552002e-05
1,38,1.1719942092895507e-05
1,39,1.1653661727905273e-05
1,40,1.1660754680633544e-05
1,41,1.1678159236907959e-05
1,42,1.1650025844573975e-05
1,43,1.1690676212310791e-05
1,44,1.1736392974853515e-05
1,45,1.1708378791809082e-05
1,46,1.1754691600799561e-05
1,47,1.1684596538543701e-05
1,48,1.171267032623291e-05
1,49,1.172959804534912e-05
1,50,1.1743247509002686e-05
2,4,1.0609567165374756e-05
2,5,1.0633766651153565e-05
2,6,1.064753532409668e-05
2,7,1.0751128196716308e-05
2,8,1.0627031326293945e-05
2,9,1.0601043701171875e-05
2,10,1.091909408569336e-05
2,11,1.1807382106781006e-05
2,12,1.18139386177063e-05
2,13,1.1891186237335205e-05
2,14,1.1969447135925293e-05
2,15,1.1896014213562011e-05
2,16,1.1940121650695801e-05
2,17,1.178044080734253e-05
2,18,1.1827409267425538e-05
2,19,1.1849641799926758e-05
2,20,1.1847972869873047e-05
2,21,1.1800885200500488e-05
2,22,1.1838734149932862e-05
2,23,1.192384958267212e-05
2,24,1.1837482452392578e-05
2,25,1.1958837509155273e-05
2,26,1.1830449104309082e-05
2,27,1.1873185634613038e-05
2,28,1.1876225471496582e-05
2,29,1.183772087097168e-05
2,30,1.1855244636535644e-05
2,31,1.1886358261108398e-05
2,32,1.1869847774505615e-05
2,33,1.185530424118042e-05
2,34,1.19209885597229e-05
2,35,1.1973559856414796e-05
2,36,1.198422908782959e-05
2,37,1.2075960636138916e-05
2,38,1.2011647224426269e-05
2,39,1.2023210525512696e-05
2,40,1.214909553527832e-05
2,41,1.1983215808868407e-05
2,42,1.2037038803100586e-05
2,43,1.2102484703063964e-05
2,44,1.205986738204956e-05
2,45,1.2114346027374268e-05
2,46,1.2129724025726318e-05
2,47,1.2081146240234374e-05
2,48,1.2111008167266845e-05
2,49,1.2147367000579834e-05
2,50,1.207512617111206e-05
3,4,1.142805814743042e-05
3,5,1.1339664459228515e-05
3,6,1.1207044124603271e-05
3,7,1.1222779750823975e-05
3,8,1.1182546615600586e-05
3,9,1.0980367660522461e-05
3,10,1.1245429515838623e-05
3,11,1.1160731315612794e-05
3,12,1.1157393455505371e-05
3,13,1.1259198188781738e-05
3,14,1.124650239944458e-05
3,15,1.1279582977294922e-05
3,16,1.1192739009857177e-05
3,17,1.1301398277282715e-05
3,18,1.120758056640625e-05
3,19,1.1277854442596436e-05
3,20,1.1201798915863037e-05
3,21,1.1188328266143799e-05
3,22,1.125413179397583e-05
3,23,1.1200964450836181e-05
3,24,1.1116266250610352e-05
3,25,1.1230289936065674e-05
3,26,1.1301159858703614e-05
3,27,1.129150390625e-05
3,28,1.1308133602142334e-05
3,29,1.1232852935791015e-05
3,30,1.1281073093414306e-05
3,31,1.12496018409729e-05
3,32,1.131725311279297e-05
3,33,1.129615306854248e-05
3,34,1.1274099349975586e-05
3,35,1.1244356632232666e-05
3,36,1.1304497718811034e-05
3,37,1.1315882205963134e-05
3,38,1.1224210262298584e-05
3,39,1.1227548122406005e-05
3,40,1.1311650276184082e-05
3,41,1.1270403861999512e-05
3,42,1.1303007602691651e-05
3,43,1.1339306831359863e-05
3,44,1.135331392288208e-05
3,45,1.1366188526153565e-05
3,46,1.1424124240875244e-05
3,47,1.1329114437103271e-05
3,48,1.1331140995025634e-05
3,49,1.1405587196350098e-05
3,50,1.1352360248565675e-05
4,4,1.0519683361053468e-05
4,5,1.0516643524169922e-05
4,6,1.0439395904541016e-05
4,7,1.0423481464385987e-05
4,8,1.0420501232147217e-05
4,9,1.0396838188171387e-05
4,10,1.045912504196167e-05
4,11,1.0458886623382569e-05
4,12,1.0485827922821045e-05
4,13,1.0479629039764404e-05
4,14,1.045161485671997e-05
4,15,1.043492555618286e-05
4,16,1.0426700115203858e-05
4,17,1.040107011795044e-05
4,18,1.042097806930542e-05
4,19,1.046520471572876e-05
4,20,1.0418951511383056e-05
4,21,1.0373413562774659e-05
4,22,1.0480761528015136e-05
4,23,1.046043634414673e-05
4,24,1.0457992553710937e-05
4,25,1.0439455509185792e-05
4,26,1.043856143951416e-05
4,27,1.0484278202056884e-05
4,28,1.0448694229125977e-05
4,29,1.0466217994689941e-05
4,30,1.0471940040588379e-05
4,31,1.0525822639465332e-05
4,32,1.055908203125e-05
4,33,1.0471463203430175e-05
4,34,1.0540783405303955e-05
4,35,1.0524094104766846e-05
4,36,1.0505378246307373e-05
4,37,1.0480165481567383e-05
4,38,1.0438084602355958e-05
4,39,1.0478615760803222e-05
4,40,1.0459244251251221e-05
4,41,1.0464251041412354e-05
4,42,1.0539233684539794e-05
4,43,1.0520815849304199e-05
4,44,1.0446369647979736e-05
4,45,1.0487258434295654e-05
4,46,1.0522425174713135e-05
4,47,1.0480225086212159e-05
4,48,1.0512053966522217e-05
4,49,1.0573744773864746e-05
4,50,1.055532693862915e-05
5,4,1.0922312736511231e-05
5,5,1.0873079299926757e-05
5,6,1.1516869068145752e-05
5,7,1.1554062366485596e-05
5,8,1.1580586433410644e-05
5,9,1.1474609375e-05
5,10,1.1545658111572266e-05
5,11,1.1463165283203125e-05
5,12,1.1478960514068604e-05
5,13,1.148831844329834e-05
5,14,1.1501550674438476e-05
5,15,1.1489629745483399e-05
5,16,1.1462271213531495e-05
5,17,1.1506259441375733e-05
5,18,1.1519074440002442e-05
5,19,1.1535406112670899e-05
5,20,1.1451959609985352e-05
5,21,1.1440813541412353e-05
5,22,1.1448919773101806e-05
5,23,1.1471688747406005e-05
5,24,1.1423468589782715e-05
5,25,1.1499643325805663e-05
5,26,1.1473119258880615e-05
5,27,1.1426985263824463e-05
5,28,1.1499226093292237e-05
5,29,1.1550664901733399e-05
5,30,1.1508464813232423e-05
5,31,1.1554598808288575e-05
5,32,1.1550545692443848e-05
5,33,1.1598587036132813e-05
5,34,1.1620402336120605e-05
5,35,1.1527657508850097e-05
5,36,1.1551201343536377e-05
5,37,1.1589646339416504e-05
5,38,1.1591732501983643e-05
5,39,1.1562168598175049e-05
5,40,1.1675715446472168e-05
5,41,1.1527001857757568e-05
5,42,1.1561930179595947e-05
5,43,1.1599421501159668e-05
5,44,1.163393259048462e-05
5,45,1.1559784412384033e-05
5,46,1.159447431564331e-05
5,47,1.167130470275879e-05
5,48,1.1599063873291015e-05
5,49,1.1719882488250733e-05
5,50,1.1716425418853759e-05
6,4,1.115107536315918e-05
6,5,1.1432886123657227e-05
6,6,1.1497855186462402e-05
6,7,1.142442226409912e-05
6,8,1.1442720890045166e-05
6,9,1.1331617832183838e-05
6,10,1.1327803134918213e-05
6,11,1.1308610439300537e-05
6,12,1.1346042156219482e-05
6,13,1.1309564113616943e-05
6,14,1.1284410953521728e-05
6,15,1.1293232440948486e-05
6,16,1.1368095874786377e-05
6,17,1.132059097290039e-05
6,18,1.1212348937988281e-05
6,19,1.1443018913269043e-05
6,20,1.1362671852111816e-05
6,21,1.1356472969055176e-05
6,22,1.1424005031585694e-05
6,23,1.1363506317138672e-05
6,24,1.1384546756744385e-05
6,25,1.1348187923431396e-05
6,26,1.1323213577270508e-05
6,27,1.1328637599945068e-05
6,28,1.1335015296936034e-05
6,29,1.1264264583587647e-05
6,30,1.127791404724121e-05
6,31,1.1353671550750733e-05
6,32,1.1282265186309814e-05
6,33,1.1119008064270019e-05
6,34,1.1285245418548584e-05
6,35,1.1319935321807861e-05
6,36,1.1276721954345704e-05
6,37,1.1372566223144532e-05
6,38,1.1382341384887695e-05
6,39,1.136946678161621e-05
6,40,1.1393725872039795e-05
6,41,1.139998435974121e-05
6,42,1.1346817016601562e-05
6,43,1.1368930339813233e-05
6,44,1.1343300342559814e-05
6,45,1.1343479156494141e-05
6,46,1.1456608772277833e-05
6,47,1.1393547058105468e-05
6,48,1.1389017105102539e-05
6,49,1.138460636138916e-05
6,50,1.1410176753997803e-05
7,4,1.1143863201141357e-05
7,5,1.1133491992950439e-05
7,6,1.1114358901977538e-05
7,7,1.1081516742706299e-05
7,8,1.1033117771148681e-05
7,9,1.1138319969177246e-05
7,10,1.1137783527374267e-05
7,11,1.1049747467041015e-05
7,12,1.1071443557739257e-05
7,13,1.1012554168701171e-05
7,14,1.1058807373046875e-05
7,15,1.1067211627960205e-05
7,16,1.1023640632629394e-05
7,17,1.103752851486206e-05
7,18,1.1001765727996827e-05
7,19,1.1091947555541993e-05
7,20,1.106172800064087e-05
7,21,1.1090457439422608e-05
7,22,1.11008882522583e-05
7,23,1.1054277420043946e-05
7,24,1.1041104793548584e-05
7,25,1.1141240596771241e-05
7,26,1.1152565479278565e-05
7,27,1.1165857315063476e-05
7,28,1.1125922203063965e-05
7,29,1.1100530624389648e-05
7,30,1.112675666809082e-05
7,31,1.1166095733642579e-05
7,32,1.1152565479278565e-05
7,33,1.1130094528198242e-05
7,34,1.11810564994812e-05
7,35,1.1167645454406738e-05
7,36,1.1155545711517333e-05
7,37,1.1215031147003174e-05
7,38,1.1283934116363525e-05
7,39,1.1133313179016113e-05
7,40,1.1135101318359375e-05
7,41,1.1220157146453857e-05
7,42,1.124107837677002e-05
7,43,1.1368751525878906e-05
7,44,1.1225521564483642e-05
7,45,1.1282026767730713e-05
7,46,1.1220812797546386e-05
7,47,1.1257290840148927e-05
7,48,1.1209845542907714e-05
7,49,1.1334896087646485e-05
7,50,1.1185705661773681e-05
8,4,1.0517597198486327e-05
8,5,1.0578691959381103e-05
8,6,1.052016019821167e-05
8,7,1.0498046875e-05
8,8,1.0501444339752197e-05
8,9,1.0466098785400391e-05
8,10,1.0602653026580811e-05
8,11,1.0541677474975587e-05
8,12,1.0559380054473878e-05
8,13,1.0524392127990722e-05
8,14,1.0608732700347901e-05
8,15,1.0550796985626221e-05
8,16,1.0564565658569336e-05
8,17,1.0512351989746093e-05
8,18,1.0545432567596436e-05
8,19,1.055002212524414e-05
8,20,1.0443150997161865e-05
8,21,1.0464847087860107e-05
8,22,1.0505974292755127e-05
8,23,1.0475218296051026e-05
8,24,1.0479152202606202e-05
8,25,1.0537564754486084e-05
8,26,1.0492682456970215e-05
8,27,1.061028242111206e-05
8,28,1.0631680488586426e-05
8,29,1.0646045207977294e-05
8,30,1.0630249977111817e-05
8,31,1.062530279159546e-05
8,32,1.0585904121398926e-05
8,33,1.0624825954437256e-05
8,34,1.064223051071167e-05
8,35,1.0723888874053955e-05
8,36,1.0602355003356933e-05
8,37,1.0709404945373536e-05
8,38,1.066356897354126e-05
8,39,1.0680913925170898e-05
8,40,1.0661721229553222e-05
8,41,1.0652124881744384e-05
8,42,1.0614514350891113e-05
8,43,1.0707437992095947e-05
8,44,1.070350408554077e-05
8,45,1.0714232921600342e-05
8,46,1.0694921016693116e-05
8,47,1.0691404342651368e-05
8,48,1.066887378692627e-05
8,49,1.0755300521850585e-05
8,50,1.0672926902770997e-05
9,4,1.2621641159057617e-05
9,5,1.2633979320526123e-05
9,6,1.2676715850830079e-05
9,7,1.26228928565979e-05
9,8,1.2630581855773926e-05
9,9,1.2569606304168702e-05
9,10,1.258152723312378e-05
9,11,1.251131296157837e-05
9,12,1.2585878372192383e-05
9,13,1.2585103511810303e-05
9,14,1.2562572956085204e-05
9,15,1.2580931186676026e-05
9,16,1.2531161308288574e-05
9,17,1.2488126754760742e-05
9,18,1.2606143951416016e-05
9,19,1.2562811374664307e-05
9,20,1.2592136859893799e-05
9,21,1.2566328048706055e-05
9,22,1.2650549411773682e-05
9,23,1.2578725814819336e-05
9,24,1.2665808200836182e-05
9,25,1.2608706951141357e-05
9,26,1.2669742107391357e-05
9,27,1.2677788734436036e-05
9,28,1.2725114822387695e-05
9,29,1.263672113418579e-05
9,30,1.2816011905670166e-05
9,31,1.268082857131958e-05
9,32,1.2674570083618164e-05
9,33,1.2693285942077637e-05
9,34,1.2755274772644042e-05
9,35,1.2722015380859375e-05
9,36,1.2786924839019775e-05
9,37,1.2742161750793457e-05
9,38,1.276928186416626e-05
9,39,1.2732863426208497e-05
9,40,1.2762963771820069e-05
9,41,1.2694358825683594e-05
9,42,1.2766003608703613e-05
9,43,1.270139217376709e-05
9,44,1.277613639831543e-05
9,45,1.2727439403533936e-05
9,46,1.281958818435669e-05
9,47,1.2774944305419922e-05
9,48,1.2835502624511718e-05
9,49,1.2847483158111572e-05
9,50,1.2856900691986084e-05
10,4,1.1634767055511475e-05
10,5,1.1592090129852295e-05
10,6,1.1608123779296876e-05
10,7,1.165074110031128e-05
10,8,1.1622488498687744e-05
10,9,1.1617779731750488e-05
10,10,1.1693298816680909e-05
10,11,1.1606514453887939e-05
10,12,1.1596739292144776e-05
10,13,1.1606156826019287e-05
10,14,1.156163215637207e-05
10,15,1.1643946170806885e-05
10,16,1.155543327331543e-05
10,17,1.1601567268371582e-05
10,18,1.1555910110473633e-05
10,19,1.163339614868164e-05
10,20,1.1543869972229004e-05
10,21,1.1650323867797852e-05
10,22,1.1660218238830567e-05
10,23,1.1661052703857421e-05
10,24,1.160365343093872e-05
10,25,1.1675417423248291e-05
10,26,1.162278652191162e-05
10,27,1.1565744876861572e-05
10,28,1.1665284633636475e-05
10,29,1.1648178100585938e-05
10,30,1.1688649654388428e-05
10,31,1.1665701866149902e-05
10,32,1.1668503284454345e-05
10,33,1.1744320392608643e-05
10,34,1.180344820022583e-05
10,35,1.1726617813110352e-05
10,36,1.1555135250091553e-05
10,37,1.1713862419128419e-05
10,38,1.1644721031188966e-05
10,39,1.1606276035308838e-05
10,40,1.1700868606567382e-05
10,41,1.1598229408264161e-05
10,42,1.1722922325134277e-05
10,43,1.1671006679534911e-05
10,44,1.17032527923584e-05
10,45,1.1717617511749267e-05
10,46,1.1712968349456787e-05
10,47,1.1678695678710938e-05
10,48,1.1752486228942871e-05
10,49,1.1703968048095704e-05
10,50,1.171797513961792e-05
11,4,1.0900676250457764e-05
11,5,1.0910212993621827e-05
11,6,1.0889768600463867e-05
11,7,1.0933637619018555e-05
11,8,1.0879874229431152e-05
11,9,1.0812997817993164e-05
11,10,1.0846257209777832e-05
11,11,1.084280014038086e-05
11,12,1.0813474655151366e-05
11,13,1.0844528675079346e-05
11,14,1.0838687419891357e-05
11,15,1.082092523574829e-05
11,16,1.0907471179962159e-05
11,17,1.0878205299377441e-05
11,18,1.0883510112762451e-05
11,19,1.0875225067138671e-05
11,20,1.0908007621765137e-05
11,21,1.0894834995269775e-05
11,22,1.0912835597991943e-05
11,23,1.0890185832977295e-05
11,24,1.0825693607330322e-05
11,25,1.0909616947174071e-05
11,26,1.0867834091186523e-05
11,27,1.0905742645263671e-05
11,28,1.0896742343902588e-05
11,29,1.096707582473755e-05
11,30,1.0925114154815674e-05
11,31,1.0965108871459961e-05
11,32,1.092904806137085e-05
11,33,1.0889172554016113e-05
11,34,1.095104217529297e-05
11,35,1.0954439640045166e-05
11,36,1.1011242866516113e-05
11,37,1.1194288730621338e-05
11,38,1.102590560913086e-05
11,39,1.1013686656951904e-05
11,40,1.1069595813751221e-05
11,41,1.105731725692749e-05
11,42,1.1078238487243652e-05
11,43,1.1160910129547119e-05
11,44,1.1056721210479737e-05
11,45,1.111745834350586e-05
11,46,1.1095881462097167e-05
11,47,1.1079907417297362e-05
11,48,1.1174917221069336e-05
11,49,1.1181235313415528e-05
11,50,1.117992401123047e-05
12,4,1.1041522026062012e-05
12,5,1.1422336101531982e-05
12,6,1.137995719909668e-05
12,7,1.1456549167633057e-05
12,8,1.144266128540039e-05
12,9,1.1338591575622558e-05
12,10,1.1368811130523681e-05
12,11,1.1345922946929932e-05
12,12,1.1294066905975342e-05
12,13,1.1324703693389893e-05
12,14,1.1307060718536377e-05
12,15,1.1318981647491456e-05
12,16,1.1443078517913819e-05
12,17,1.1328220367431641e-05
12,18,1.1379301548004151e-05
12,19,1.1345207691192627e-05
12,20,1.1320292949676514e-05
12,21,1.128309965133667e-05
12,22,1.1370658874511719e-05
12,23,1.1309385299682618e-05
12,24,1.1355042457580566e-05
12,25,1.1522173881530762e-05
12,26,1.1576652526855468e-05
12,27,1.1541128158569335e-05
12,28,1.1559605598449706e-05
12,29,1.161336898803711e-05
12,30,1.159501075744629e-05
12,31,1.1427998542785644e-05
12,32,1.1443972587585449e-05
12,33,1.1412322521209718e-05
12,34,1.1417031288146972e-05
12,35,1.1383414268493652e-05
12,36,1.1291861534118652e-05
12,37,1.1389076709747314e-05
12,38,1.1377871036529542e-05
12,39,1.1315762996673584e-05
12,40,1.1376559734344482e-05
12,41,1.1359691619873047e-05
12,42,1.1431634426116943e-05
12,43,1.140284538269043e-05
12,44,1.1443853378295899e-05
12,45,1.139885187149048e-05
12,46,1.1500418186187744e-05
12,47,1.1399447917938233e-05
12,48,1.1460304260253906e-05
12,49,1.1508643627166748e-05
12,50,1.1509716510772705e-05
13,4,1.1788547039031982e-05
13,5,1.1731266975402833e-05
13,6,1.163417100906372e-05
13,7,1.1717259883880615e-05
13,8,1.1640310287475586e-05
13,9,1.1600673198699952e-05
13,10,1.1688530445098877e-05
13,11,1.1723637580871582e-05
13,12,1.169300079345703e-05
13,13,1.164090633392334e-05
13,14,1.1562526226043701e-05
13,15,1.1484384536743163e-05
13,16,1.1597156524658204e-05
13,17,1.1482715606689453e-05
13,18,1.1497795581817628e-05
13,19,1.1669278144836425e-05
13,20,1.168990135192871e-05
13,21,1.1671364307403564e-05
13,22,1.173478364944458e-05
13,23,1.1671960353851319e-05
13,24,1.1757194995880126e-05
13,25,1.1683523654937744e-05
13,26,1.1661112308502197e-05
13,27,1.1689305305480957e-05
13,28,1.1692225933074952e-05
13,29,1.1699318885803223e-05
13,30,1.1663556098937988e-05
13,31,1.1818408966064453e-05
13,32,1.1818647384643554e-05
13,33,1.1761367321014405e-05
13,34,1.186978816986084e-05
13,35,1.181262731552124e-05
13,36,1.1985242366790772e-05
13,37,1.1945664882659912e-05
13,38,1.193457841873169e-05
13,39,1.1945605278015136e-05
13,40,1.1898577213287354e-05
13,41,1.1858105659484863e-05
13,42,1.1927545070648193e-05
13,43,1.1995553970336915e-05
13,44,1.1989951133728027e-05
13,45,1.2009739875793458e-05
13,46,1.2067317962646484e-05
13,47,1.2041866779327392e-05
13,48,1.201266050338745e-05
13,49,1.2026727199554444e-05
13,50,1.196986436843872e-05
14,4,1.1001825332641602e-05
14,5,1.0881185531616212e-05
14,6,1.0869264602661132e-05
14,7,1.0902941226959228e-05
14,8,1.0879039764404297e-05
14,9,1.093679666519165e-05
14,10,1.0956346988677979e-05
14,11,1.0946333408355713e-05
14,12,1.0953128337860108e-05
14,13,1.1061251163482666e-05
14,14,1.0869383811950684e-05
14,15,1.08833909034729e-05
14,16,1.0901689529418946e-05
14,17,1.0850846767425537e-05
14,18,1.0812461376190185e-05
14,19,1.0890841484069824e-05
14,20,1.0839343070983888e-05
14,21,1.0844528675079346e-05
14,22,1.0995149612426757e-05
14,23,1.0787665843963623e-05
14,24,1.0827720165252685e-05
14,25,1.0984480381011962e-05
14,26,1.084524393081665e-05
14,27,1.085585355758667e-05
14,28,1.0968267917633056e-05
14,29,1.0847866535186768e-05
14,30,1.081949472427368e-05
14,31,1.0921835899353027e-05
14,32,1.0997116565704346e-05
14,33,1.0857641696929932e-05
14,34,1.1056661605834961e-05
14,35,1.0852575302124023e-05
14,36,1.0846257209777832e-05
14,37,1.0974645614624023e-05
14,38,1.0914027690887451e-05
14,39,1.0971546173095703e-05
14,40,1.1049985885620117e-05
14,41,1.0911464691162109e-05
14,42,1.0969281196594238e-05
14,43,1.0934531688690185e-05
14,44,1.0958433151245117e-05
14,45,1.1088967323303223e-05
14,46,1.1017024517059327e-05
14,47,1.097947359085083e-05
14,48,1.099681854248047e-05
14,49,1.1025786399841309e-05
14,50,1.0928750038146973e-05
15,4,1.1113643646240234e-05
15,5,1.1192619800567627e-05
15,6,1.1160731315612794e-05
15,7,1.1115610599517823e-05
15,8,1.1156201362609863e-05
15,9,1.1175036430358886e-05
15,10,1.1109650135040284e-05
15,11,1.1113405227661133e-05
15,12,1.1205792427062989e-05
15,13,1.122438907623291e-05
15,14,1.1157870292663575e-05
15,15,1.1093854904174804e-05
15,16,1.1141061782836914e-05
15,17,1.1170387268066405e-05
15,18,1.1158645153045655e-05
15,19,1.1151254177093505e-05
15,20,1.1127471923828124e-05
15,21,1.1080265045166015e-05
15,22,1.1119484901428223e-05
15,23,1.1133730411529541e-05
15,24,1.1143088340759277e-05
15,25,1.1255204677581786e-05
15,26,1.1172950267791748e-05
15,27,1.1203646659851075e-05
15,28,1.1210083961486817e-05
15,29,1.1186957359313965e-05
15,30,1.1273622512817382e-05
15,31,1.1150896549224853e-05
15,32,1.1247634887695313e-05
15,33,1.1230647563934327e-05
15,34,1.128542423248291e-05
15,35,1.1210620403289795e-05
15,36,1.1181354522705079e-05
15,37,1.1247456073760986e-05
15,38,1.1345505714416504e-05
15,39,1.1233031749725342e-05
15,40,1.126152276992798e-05
15,41,1.1248111724853515e-05
15,42,1.128453016281128e-05
15,43,1.1302828788757324e-05
15,44,1.1308550834655762e-05
15,45,1.1327147483825684e-05
15,46,1.1250197887420655e-05
15,47,1.1287748813629151e-05
15,48,1.125180721282959e-05
15,49,1.133054494857788e-05
15,50,1.13411545753479e-05
16,4,1.0965168476104737e-05
16,5,1.0985136032104493e-05
16,6,1.0976314544677734e-05
16,7,1.1039972305297851e-05
16,8,1.1083126068115234e-05
16,9,1.100844144821167e-05
16,10,1.099705696105957e-05
16,11,1.0993719100952148e-05
16,12,1.099151372909546e-05
16,13,1.1041820049285889e-05
16,14,1.09444260597229e-05
16,15,1.0926127433776856e-05
16,16,1.0926902294158936e-05
16,17,1.0914266109466552e-05
16,18,1.0938942432403565e-05
16,19,1.0948717594146728e-05
16,20,1.0951876640319824e-05
16,21,1.0912716388702393e-05
16,22,1.0978877544403076e-05
16,23,1.0903716087341308e-05
16,24,1.0910570621490479e-05
16,25,1.1089324951171875e-05
16,26,1.1008918285369874e-05
16,27,1.0985851287841798e-05
16,28,1.0968148708343505e-05
16,29,1.0989844799041747e-05
16,30,1.100844144821167e-05
16,31,1.1009156703948975e-05
16,32,1.09710693359375e-05
16,33,1.1051714420318604e-05
16,34,1.108086109161377e-05
16,35,1.1045217514038086e-05
16,36,1.109170913696289e-05
16,37,1.1034727096557617e-05
16,38,1.1054098606109619e-05
16,39,1.1018991470336914e-05
16,40,1.1081397533416748e-05
16,41,1.1053144931793213e-05
16,42,1.1196672916412353e-05
16,43,1.1186957359313965e-05
16,44,1.1098802089691162e-05
16,45,1.1067986488342285e-05
16,46,1.1116623878479004e-05
16,47,1.10817551612854e-05
16,48,1.114267110824585e-05
16,49,1.1133968830108642e-05
16,50,1.1129021644592285e-05
17,4,1.085144281387329e-05
17,5,1.0855793952941894e-05
17,6,1.0760843753814698e-05
17,7,1.0712981224060059e-05
17,8,1.0776400566101074e-05
17,9,1.068657636642456e-05
17,10,1.0751068592071533e-05
17,11,1.075601577758789e-05
17,12,1.0701239109039307e-05
17,13,1.0704636573791504e-05
17,14,1.0723888874053955e-05
17,15,1.0716795921325684e-05
17,16,1.0793566703796387e-05
17,17,1.0952889919281005e-05
17,18,1.0745644569396973e-05
17,19,1.0829508304595947e-05
17,20,1.0744988918304443e-05
17,21,1.0765552520751954e-05
17,22,1.0862052440643311e-05
17,23,1.077127456665039e-05
17,24,1.0924518108367919e-05
17,25,1.082301139831543e-05
17,26,1.0905861854553223e-05
17,27,1.0900497436523437e-05
17,28,1.0842680931091308e-05
17,29,1.0895669460296631e-05
17,30,1.0908722877502441e-05
17,31,1.0930418968200684e-05
17,32,1.0855674743652343e-05
17,33,1.0958850383758545e-05
17,34,1.0854542255401612e-05
17,35,1.0926306247711181e-05
17,36,1.0889828205108642e-05
17,37,1.0951459407806397e-05
17,38,1.0928630828857422e-05
17,39,1.0945141315460205e-05
17,40,1.0984301567077637e-05
17,41,1.0871231555938721e-05
17,42,1.0941147804260255e-05
17,43,1.0978162288665771e-05
17,44,1.096707582473755e-05
17,45,1.0930538177490234e-05
17,46,1.0974526405334473e-05
17,47,1.094907522201538e-05
17,48,1.0983169078826904e-05
17,49,1.0941267013549804e-05
17,50,1.0956108570098876e-05
18,4,1.1885941028594971e-05
18,5,1.1678993701934815e-05
18,6,1.1671662330627442e-05
18,7,1.170426607131958e-05
18,8,1.1638998985290528e-05
18,9,1.1615216732025147e-05
18,10,1.1619091033935547e-05
18,11,1.1673092842102052e-05
18,12,1.1667847633361816e-05
18,13,1.1642515659332276e-05
18,14,1.1630535125732421e-05
18,15,1.1568844318389892e-05
18,16,1.1616289615631104e-05
18,17,1.1592745780944824e-05
18,18,1.16233229637146e-05
18,19,1.1640071868896485e-05
18,20,1.158452033996582e-05
18,21,1.1636435985565186e-05
18,22,1.1696100234985352e-05
18,23,1.1696219444274902e-05
18,24,1.1705636978149414e-05
18,25,1.1713802814483643e-05
18,26,1.1696457862854004e-05
18,27,1.1753082275390625e-05
18,28,1.1751294136047363e-05
18,29,1.1675655841827392e-05
18,30,1.1704087257385254e-05
18,31,1.1678516864776611e-05
18,32,1.1607944965362549e-05
18,33,1.1709332466125488e-05
18,34,1.1802613735198974e-05
18,35,1.1611640453338623e-05
18,36,1.1644601821899414e-05
18,37,1.175081729888916e-05
18,38,1.1717677116394043e-05
18,39,1.1667609214782715e-05
18,40,1.1683881282806396e-05
18,41,1.1660397052764892e-05
18,42,1.1676967144012452e-05
18,43,1.1700153350830078e-05
18,44,1.171189546585083e-05
18,45,1.1690258979797363e-05
18,46,1.1833846569061279e-05
18,47,1.166599988937378e-05
18,48,1.170802116394043e-05
18,49,1.1814296245574952e-05
18,50,1.174771785736084e-05
19,4,1.0486364364624023e-05
19,5,1.0548293590545655e-05
19,6,1.0449588298797607e-05
19,7,1.051396131515503e-05
19,8,1.0498046875e-05
19,9,1.0483980178833008e-05
19,10,1.056218147277832e-05
19,11,1.0513842105865479e-05
19,12,1.052647829055786e-05
19,13,1.0527610778808593e-05
19,14,1.0525286197662354e-05
19,15,1.0545134544372559e-05
19,16,1.0556161403656006e-05
19,17,1.0506927967071532e-05
19,18,1.0541200637817383e-05
19,19,1.0553359985351563e-05
19,20,1.0537981986999512e-05
19,21,1.0545849800109864e-05
19,22,1.0654985904693603e-05
19,23,1.0642111301422118e-05
19,24,1.0821104049682617e-05
19,25,1.0622560977935792e-05
19,26,1.0614454746246337e-05
19,27,1.059502363204956e-05
19,28,1.0611355304718017e-05
19,29,1.0554492473602294e-05
19,30,1.0610699653625488e-05
19,31,1.0687768459320069e-05
19,32,1.0651707649230956e-05
19,33,1.062464714050293e-05
19,34,1.0645568370819092e-05
19,35,1.1130809783935547e-05
19,36,1.1119663715362548e-05
19,37,1.1188268661499023e-05
19,38,1.1127650737762451e-05
19,39,1.1144697666168213e-05
19,40,1.1114060878753662e-05
19,41,1.1171221733093262e-05
19,42,1.1148452758789062e-05
19,43,1.117575168609619e-05
19,44,1.1205673217773438e-05
19,45,1.1184513568878174e-05
19,46,1.1211216449737548e-05
19,47,1.1158704757690429e-05
19,48,1.118546724319458e-05
19,49,1.1223316192626953e-05
19,50,1.1193513870239257e-05
20,4,1.0791242122650146e-05
20,5,1.089799404144287e-05
20,6,1.0484695434570312e-05
20,7,1.0786294937133789e-05
20,8,1.0606050491333008e-05
20,9,1.0578215122222901e-05
20,10,1.0644793510437012e-05
20,11,1.063472032546997e-05
20,12,1.067274808883667e-05
20,13,1.0677218437194823e-05
20,14,1.0660231113433837e-05
20,15,1.061636209487915e-05
20,16,1.0613203048706055e-05
20,17,1.0679662227630616e-05
20,18,1.0612308979034423e-05
20,19,1.0753273963928222e-05
20,20,1.0684490203857422e-05
20,21,1.0631144046783447e-05
20,22,1.072925329208374e-05
20,23,1.0687053203582764e-05
20,24,1.0922610759735108e-05
20,25,1.092129945755005e-05
20,26,1.066666841506958e-05
20,27,1.064521074295044e-05
20,28,1.0819613933563232e-05
20,29,1.0798037052154541e-05
20,30,1.0779738426208497e-05
20,31,1.0802090167999268e-05
20,32,1.0699987411499023e-05
20,33,1.0790646076202393e-05
20,34,1.0804593563079833e-05
20,35,1.0751903057098389e-05
20,36,1.0831594467163085e-05
20,37,1.077866554260254e-05
20,38,1.0793626308441161e-05
20,39,1.0769486427307128e-05
20,40,1.0868370532989502e-05
20,41,1.076894998550415e-05
20,42,1.086723804473877e-05
20,43,1.077038049697876e-05
20,44,1.085817813873291e-05
20,45,1.0811328887939452e-05
20,46,1.0829329490661622e-05
20,47,1.0852336883544922e-05
20,48,1.080620288848877e-05
20,49,1.0838150978088379e-05
20,50,1.0867595672607422e-05
21,4,1.0697007179260254e-05
21,5,1.0636866092681884e-05
21,6,1.065582036972046e-05
21,7,1.0687470436096192e-05
21,8,1.073235273361206e-05
21,9,1.0603606700897217e-05
21,10,1.0647058486938476e-05
21,11,1.0679066181182861e-05
21,12,1.0564863681793213e-05
21,13,1.064366102218628e-05
21,14,1.0666370391845703e-05
21,15,1.0625422000885009e-05
21,16,1.0775625705718994e-05
21,17,1.0712683200836182e-05
21,18,1.0747194290161132e-05
21,19,1.0679125785827637e-05
21,20,1.0711252689361573e-05
21,21,1.0712146759033203e-05
21,22,1.0643184185028075e-05
21,23,1.0643601417541503e-05
21,24,1.0648012161254883e-05
21,25,1.0750889778137207e-05
21,26,1.0771453380584717e-05
21,27,1.0699570178985595e-05
21,28,1.0720908641815185e-05
21,29,1.075071096420288e-05
21,30,1.0705590248107911e-05
21,31,1.074439287185669e-05
21,32,1.0833323001861571e-05
21,33,1.0727941989898682e-05
21,34,1.0718107223510742e-05
21,35,1.060163974761963e-05
21,36,1.0592520236968994e-05
21,37,1.0745823383331299e-05
21,38,1.061946153640747e-05
21,39,1.0674774646759033e-05
21,40,1.0648369789123535e-05
21,41,1.0701537132263184e-05
21,42,1.0660529136657716e-05
21,43,1.0789096355438232e-05
21,44,1.0761082172393799e-05
21,45,1.0768651962280274e-05
21,46,1.0743677616119384e-05
21,47,1.0676920413970947e-05
21,48,1.080477237701416e-05
21,49,1.0763168334960937e-05
21,50,1.078784465789795e-05
22,4,1.0872066020965576e-05
22,5,1.0762333869934083e-05
22,6,1.0647118091583251e-05
22,7,1.0910212993621827e-05
22,8,1.0883033275604247e-05
22,9,1.1116564273834228e-05
22,10,1.0882616043090821e-05
22,11,1.0857462882995605e-05
22,12,1.0923504829406738e-05
22,13,1.084834337234497e-05
22,14,1.0805726051330566e-05
22,15,1.0830044746398926e-05
22,16,1.0835647583007813e-05
22,17,1.087796688079834e-05
22,18,1.0809838771820069e-05
22,19,1.0834634304046631e-05
22,20,1.0856330394744874e-05
22,21,1.0978400707244874e-05
22,22,1.0905981063842774e-05
22,23,1.091855764389038e-05
22,24,1.088714599609375e-05
22,25,1.0911405086517333e-05
22,26,1.0881304740905761e-05
22,27,1.0957777500152588e-05
22,28,1.0919690132141113e-05
22,29,1.1009812355041504e-05
22,30,1.101452112197876e-05
22,31,1.1058211326599122e-05
22,32,1.0943293571472169e-05
22,33,1.0934948921203613e-05
22,34,1.0937273502349854e-05
22,35,1.0940790176391602e-05
22,36,1.0901272296905518e-05
22,37,1.0994255542755127e-05
22,38,1.0898411273956299e-05
22,39,1.0879814624786376e-05
22,40,1.0987222194671631e-05
22,41,1.0953783988952637e-05
22,42,1.095956563949585e-05
22,43,1.0988950729370117e-05
22,44,1.0965824127197266e-05
22,45,1.0939359664916993e-05
22,46,1.1161506175994872e-05
22,47,1.1000335216522217e-05
22,48,1.1087536811828613e-05
22,49,1.105952262878418e-05
22,50,1.1123955249786376e-05
23,4,1.1366426944732666e-05
23,5,1.1354804039001465e-05
23,6,1.133042573928833e-05
23,7,1.142960786819458e-05
23,8,1.1403739452362061e-05
23,9,1.139068603515625e-05
23,10,1.1472582817077637e-05
23,11,1.1444091796875e-05
23,12,1.1427342891693115e-05
23,13,1.1474847793579101e-05
23,14,1.1445879936218262e-05
23,15,1.138216257095337e-05
23,16,1.1415600776672363e-05
23,17,1.1506259441375733e-05
23,18,1.1442005634307862e-05
23,19,1.1440098285675048e-05
23,20,1.149660348892212e-05
23,21,1.1473476886749267e-05
23,22,1.149296760559082e-05
23,23,1.1456310749053956e-05
23,24,1.1445224285125733e-05
23,25,1.146906614303589e-05
23,26,1.1492133140563966e-05
23,27,1.1457562446594238e-05
23,28,1.1507511138916015e-05
23,29,1.1513292789459229e-05
23,30,1.1543571949005128e-05
23,31,1.1483252048492432e-05
23,32,1.1488378047943115e-05
23,33,1.1434495449066162e-05
23,34,1.1548399925231934e-05
23,35,1.163947582244873e-05
23,36,1.1523127555847168e-05
23,37,1.1524200439453125e-05
23,38,1.1480450630187989e-05
23,39,1.154536008834839e-05
23,40,1.1535465717315673e-05
23,41,1.151871681213379e-05
23,42,1.1538326740264892e-05
23,43,1.1686086654663086e-05
23,44,1.1655151844024658e-05
23,45,1.1645793914794921e-05
23,46,1.1630892753601073e-05
23,47,1.1598050594329834e-05
23,48,1.1594414710998535e-05
23,49,1.1608302593231201e-05
23,50,1.1578500270843506e-05
24,4,1.1765897274017334e-05
24,5,1.1739850044250488e-05
24,6,1.1745035648345948e-05
24,7,1.1852920055389405e-05
24,8,1.2306153774261474e-05
24,9,1.230323314666748e-05
24,10,1.2311339378356934e-05
24,11,1.2245893478393555e-05
24,12,1.2307524681091308e-05
24,13,1.2397527694702149e-05
24,14,1.2288987636566163e-05
24,15,1.220935583114624e-05
24,16,1.2317419052124023e-05
24,17,1.2310206890106202e-05
24,18,1.2317895889282226e-05
24,19,1.2409210205078125e-05
24,20,1.2311935424804688e-05
24,21,1.2362778186798096e-05
24,22,1.2372434139251708e-05
24,23,1.2379825115203858e-05
24,24,1.2346982955932617e-05
24,25,1.2378931045532226e-05
24,26,1.2367844581604003e-05
24,27,1.2390375137329102e-05
24,28,1.2398898601531983e-05
24,29,1.245129108428955e-05
24,30,1.243281364440918e-05
24,31,1.2477755546569825e-05
24,32,1.2463748455047607e-05
24,33,1.251155138015747e-05
24,34,1.2516617774963379e-05
24,35,1.2494981288909912e-05
24,36,1.241457462310791e-05
24,37,1.2555539608001708e-05
24,38,1.2497901916503907e-05
24,39,1.2506961822509765e-05
24,40,1.2506365776062012e-05
24,41,1.2530028820037841e-05
24,42,1.2522339820861817e-05
24,43,1.2517273426055908e-05
24,44,1.2539923191070556e-05
24,45,1.2539088726043702e-05
24,46,1.2559652328491211e-05
24,47,1.2490570545196532e-05
24,48,1.2562274932861328e-05
24,49,1.2502431869506836e-05
24,50,1.2647747993469238e-05
25,4,1.1347353458404542e-05
25,5,1.1381566524505615e-05
25,6,1.1373043060302734e-05
25,7,1.1345922946929932e-05
25,8,1.1306941509246827e-05
25,9,1.1271357536315918e-05
25,10,1.1313676834106446e-05
25,11,1.1217296123504638e-05
25,12,1.1278331279754638e-05
25,13,1.1286675930023194e-05
25,14,1.1330246925354004e-05
25,15,1.1339843273162842e-05
25,16,1.1287748813629151e-05
25,17,1.134699583053589e-05
25,18,1.1285245418548584e-05
25,19,1.1327981948852539e-05
25,20,1.1326909065246582e-05
25,21,1.1384785175323486e-05
25,22,1.1354386806488037e-05
25,23,1.1298656463623047e-05
25,24,1.1298835277557372e-05
25,25,1.132279634475708e-05
25,26,1.1320233345031738e-05
25,27,1.1350631713867187e-05
25,28,1.1389195919036866e-05
25,29,1.1301577091217042e-05
25,30,1.1330127716064453e-05
25,31,1.138770580291748e-05
25,32,1.1341631412506104e-05
25,33,1.1341333389282227e-05
25,34,1.1397480964660644e-05
25,35,1.1377215385437011e-05
25,36,1.1417269706726075e-05
25,37,1.1406302452087403e-05
25,38,1.1361181735992432e-05
25,39,1.1443793773651123e-05
25,40,1.1404752731323242e-05
25,41,1.150745153427124e-05
25,42,1.142740249633789e-05
25,43,1.1486589908599853e-05
25,44,1.1413633823394776e-05
25,45,1.1420965194702148e-05
25,46,1.1345863342285156e-05
25,47,1.1358022689819337e-05
25,48,1.1433184146881104e-05
25,49,1.1395752429962158e-05
25,50,1.1376500129699708e-05
26,4,1.1163055896759033e-05
26,5,1.1183977127075195e-05
26,6,1.1188209056854248e-05
26,7,1.1199831962585448e-05
26,8,1.1229336261749267e-05
26,9,1.1101007461547852e-05
26,10,1.1127352714538575e-05
26,11,1.108705997467041e-05
26,12,1.1124253273010253e-05
26,13,1.112830638885498e-05
26,14,1.1143803596496581e-05
26,15,1.1128604412078857e-05
26,16,1.120162010192871e-05
26,17,1.1146068572998047e-05
26,18,1.109999418258667e-05
26,19,1.1103510856628418e-05
26,20,1.1141538619995118e-05
26,21,1.1123061180114746e-05
26,22,1.1179327964782714e-05
26,23,1.1125683784484863e-05
26,24,1.11846923828125e-05
26,25,1.1332035064697266e-05
26,26,1.1156082153320313e-05
26,27,1.1165440082550048e-05
26,28,1.1181950569152832e-05
26,29,1.1273026466369629e-05
26,30,1.1195003986358642e-05
26,31,1.131117343902588e-05
26,32,1.1259019374847413e-05
26,33,1.1274218559265137e-05
26,34,1.1227905750274658e-05
26,35,1.1250615119934081e-05
26,36,1.1221945285797119e-05
26,37,1.132667064666748e-05
26,38,1.1423230171203614e-05
26,39,1.1423230171203614e-05
26,40,1.1229753494262695e-05
26,41,1.1251449584960938e-05
26,42,1.1262476444244385e-05
26,43,1.1294662952423095e-05
26,44,1.127767562866211e-05
26,45,1.1293292045593262e-05
26,46,1.1316597461700439e-05
26,47,1.1310398578643799e-05
26,48,1.1372745037078857e-05
26,49,1.1321067810058594e-05
26,50,1.1302351951599122e-05
27,4,1.2027144432067872e-05
27,5,1.2071549892425536e-05
27,6,1.2079358100891113e-05
27,7,1.199883222579956e-05
27,8,1.2084007263183593e-05
27,9,1.2062132358551025e-05
27,10,1.2054085731506348e-05
27,11,1.2071609497070312e-05
27,12,1.2001276016235352e-05
27,13,1.1935353279113769e-05
27,14,1.1901617050170898e-05
27,15,1.2050986289978027e-05
27,16,1.1945068836212158e-05
27,17,1.1925995349884034e-05
27,18,1.1995017528533935e-05
27,19,1.1922955513000488e-05
27,20,1.196521520614624e-05
27,21,1.198500394821167e-05
27,22,1.1980950832366944e-05
27,23,1.1921584606170654e-05
27,24,1.2009382247924805e-05
27,25,1.1922955513000488e-05
27,26,1.1885881423950196e-05
27,27,1.2003719806671143e-05
27,28,1.1943280696868896e-05
27,29,1.1997878551483154e-05
27,30,1.2006402015686035e-05
27,31,1.2034416198730469e-05
27,32,1.1962413787841797e-05
27,33,1.2016415596008301e-05
27,34,1.2122690677642822e-05
27,35,1.2122631072998046e-05
27,36,1.2064814567565917e-05
27,37,1.2128651142120362e-05
27,38,1.2107491493225097e-05
27,39,1.2102961540222168e-05
27,40,1.2063860893249511e-05
27,41,1.210629940032959e-05
27,42,1.2156486511230469e-05
27,43,1.212531328201294e-05
27,44,1.2130439281463622e-05
27,45,1.2183129787445068e-05
27,46,1.2135624885559082e-05
27,47,1.2136876583099365e-05
27,48,1.222604513168335e-05
27,49,1.2232005596160888e-05
27,50,1.2211322784423829e-05
28,4,1.084357500076294e-05
28,5,1.0918736457824707e-05
28,6,1.0850787162780761e-05
28,7,1.0847032070159912e-05
28,8,1.0757148265838623e-05
28,9,1.0720908641815185e-05
28,10,1.0794878005981446e-05
28,11,1.0769009590148926e-05
28,12,1.0774195194244385e-05
28,13,1.0774552822113037e-05
28,14,1.0846734046936036e-05
28,15,1.0766208171844483e-05
28,16,1.0820090770721436e-05
28,17,1.0746359825134278e-05
28,18,1.0739386081695556e-05
28,19,1.0801136493682861e-05
28,20,1.0758936405181884e-05
28,21,1.0863840579986571e-05
28,22,1.081150770187378e-05
28,23,1.0840535163879394e-05
28,24,1.0809421539306641e-05
28,25,1.0932803153991699e-05
28,26,1.0812878608703613e-05
28,27,1.084136962890625e-05
28,28,1.0843455791473389e-05
28,29,1.088249683380127e-05
28,30,1.0892570018768311e-05
28,31,1.0937988758087157e-05
28,32,1.0865628719329833e-05
28,33,1.088804006576538e-05
28,34,1.0937273502349854e-05
28,35,1.0855495929718018e-05
28,36,1.0877668857574464e-05
28,37,1.0890960693359375e-05
28,38,1.089167594909668e-05
28,39,1.0928153991699218e-05
28,40,1.0950207710266113e-05
28,41,1.0911941528320313e-05
28,42,1.0875463485717774e-05
28,43,1.1006295680999756e-05
28,44,1.0953247547149657e-05
28,45,1.0945141315460205e-05
28,46,1.0962426662445069e-05
28,47,1.0942935943603516e-05
28,48,1.0946512222290038e-05
28,49,1.1043787002563476e-05
28,50,1.0982811450958252e-05
29,4,1.0698974132537842e-05
29,5,1.0781347751617432e-05
29,6,1.0694384574890137e-05
29,7,1.0670721530914307e-05
29,8,1.064366102218628e-05
29,9,1.0641694068908692e-05
29,10,1.072007417678833e-05
29,11,1.0644972324371337e-05
29,12,1.0693907737731933e-05
29,13,1.0682642459869384e-05
29,14,1.0682165622711182e-05
29,15,1.0715782642364502e-05
29,16,1.0639727115631103e-05
29,17,1.0691523551940918e-05
29,18,1.067584753036499e-05
29,19,1.0674059391021728e-05
29,20,1.0733604431152344e-05
29,21,1.0704994201660156e-05
29,22,1.0670006275177002e-05
29,23,1.068180799484253e-05
29,24,1.073378324508667e-05
29,25,1.0728418827056884e-05
29,26,1.0744214057922364e-05
29,27,1.0722815990447998e-05
29,28,1.0760724544525146e-05
29,29,1.0689914226531983e-05
29,30,1.0700523853302002e-05
29,31,1.0772943496704102e-05
29,32,1.0731697082519531e-05
29,33,1.0762333869934083e-05
29,34,1.0802984237670898e-05
29,35,1.0764062404632569e-05
29,36,1.0766208171844483e-05
29,37,1.080179214477539e-05
29,38,1.0787665843963623e-05
29,39,1.0749876499176026e-05
29,40,1.0806143283843994e-05
29,41,1.0773301124572754e-05
29,42,1.082897186279297e-05
29,43,1.0836660861968994e-05
29,44,1.0805249214172364e-05
29,45,1.0784387588500976e-05
29,46,1.0845363140106202e-05
29,47,1.0848820209503174e-05
29,48,1.0829389095306397e-05
29,49,1.0891258716583252e-05
29,50,1.0819852352142333e-05
30,4,1.0658144950866699e-05
30,5,1.0560095310211182e-05
30,6,1.055753231048584e-05
30,7,1.0568559169769288e-05
30,8,1.0513603687286378e-05
30,9,1.056116819381714e-05
30,10,1.053321361541748e-05
30,11,1.0597050189971923e-05
30,12,1.0676741600036621e-05
30,13,1.0792911052703857e-05
30,14,1.071929931640625e-05
30,15,1.0763227939605713e-05
30,16,1.0617911815643311e-05
30,17,1.0516047477722168e-05
30,18,1.0525166988372803e-05
30,19,1.058363914489746e-05
30,20,1.0506331920623779e-05
30,21,1.0551571846008301e-05
30,22,1.0557591915130616e-05
30,23,1.053708791732788e-05
30,24,1.0548532009124756e-05
30,25,1.0562241077423096e-05
30,26,1.056438684463501e-05
30,27,1.0526120662689208e-05
30,28,1.0594189167022706e-05
30,29,1.0617434978485107e-05
30,30,1.0698914527893066e-05
30,31,1.0695159435272217e-05
30,32,1.070481538772583e-05
30,33,1.070713996887207e-05
30,34,1.073014736175537e-05
30,35,1.072770357131958e-05
30,36,1.0779798030853271e-05
30,37,1.0753273963928222e-05
30,38,1.068437099456787e-05
30,39,1.0713279247283936e-05
30,40,1.0598063468933106e-05
30,41,1.0579288005828858e-05
30,42,1.0592997074127197e-05
30,43,1.0605812072753907e-05
30,44,1.0603487491607666e-05
30,45,1.0640978813171387e-05
30,46,1.0672271251678466e-05
30,47,1.0622978210449218e-05
30,48,1.0601997375488282e-05
30,49,1.0730028152465821e-05
30,50,1.0630548000335693e-05
31,4,1.066821813583374e-05
31,5,1.0627388954162598e-05
31,6,1.0680317878723145e-05
31,7,1.0726332664489746e-05
31,8,1.0723054409027099e-05
31,9,1.0587096214294434e-05
31,10,1.0686039924621583e-05
31,11,1.0639488697052002e-05
31,12,1.0662972927093506e-05
31,13,1.0664761066436768e-05
31,14,1.0705590248107911e-05
31,15,1.069331169128418e-05
31,16,1.064777374267578e-05
31,17,1.0740339756011964e-05
31,18,1.0727286338806152e-05
31,19,1.0683596134185792e-05
31,20,1.0666906833648682e-05
31,21,1.0630190372467041e-05
31,22,1.0833203792572022e-05
31,23,1.0709643363952637e-05
31,24,1.0709643363952637e-05
31,25,1.0692715644836426e-05
31,26,1.0587453842163085e-05
31,27,1.059478521347046e-05
31,28,1.0747194290161132e-05
31,29,1.081085205078125e-05
31,30,1.081979274749756e-05
31,31,1.0865390300750732e-05
31,32,1.0581851005554199e-05
31,33,1.0595381259918213e-05
31,34,1.0592937469482422e-05
31,35,1.0519146919250488e-05
31,36,1.0542750358581542e-05
31,37,1.0593712329864502e-05
31,38,1.0575294494628907e-05
31,39,1.0745465755462646e-05
31,40,1.0686635971069336e-05
31,41,1.07421875e-05
31,42,1.0713160037994384e-05
31,43,1.0716140270233155e-05
31,44,1.0696232318878174e-05
31,45,1.0706722736358642e-05
31,46,1.0761737823486328e-05
31,47,1.0708391666412354e-05
31,48,1.0784447193145752e-05
31,49,1.076430082321167e-05
31,50,1.0767996311187745e-05
32,4,1.1107921600341798e-05
32,5,1.1061608791351318e-05
32,6,1.1087119579315185e-05
32,7,1.1032700538635255e-05
32,8,1.1025667190551757e-05
32,9,1.1058449745178223e-05
32,10,1.1095225811004638e-05
32,11,1.115959882736206e-05
32,12,1.1135518550872803e-05
32,13,1.113194227218628e-05
32,14,1.1122465133666993e-05
32,15,1.1170625686645508e-05
32,16,1.113826036453247e-05
32,17,1.1084675788879394e-05
32,18,1.1070966720581055e-05
32,19,1.1159837245941162e-05
32,20,1.1150836944580079e-05
32,21,1.1127591133117676e-05
32,22,1.1369884014129638e-05
32,23,1.1179327964782714e-05
32,24,1.1121094226837158e-05
32,25,1.1196494102478028e-05
32,26,1.1089205741882324e-05
32,27,1.1110663414001465e-05
32,28,1.122879981994629e-05
32,29,1.1223852634429932e-05
32,30,1.1120438575744628e-05
32,31,1.1223316192626953e-05
32,32,1.116710901260376e-05
32,33,1.1219918727874756e-05
32,34,1.1183977127075195e-05
32,35,1.1079728603363037e-05
32,36,1.105201244354248e-05
32,37,1.1187255382537842e-05
32,38,1.1100292205810547e-05
32,39,1.1159420013427734e-05
32,40,1.1108160018920899e-05
32,41,1.1143505573272705e-05
32,42,1.112908124923706e-05
32,43,1.117473840713501e-05
32,44,1.1113286018371581e-05
32,45,1.1154711246490479e-05
32,46,1.1191904544830323e-05
32,47,1.1178374290466309e-05
32,48,1.1180281639099122e-05
32,49,1.1197924613952637e-05
32,50,1.1307656764984132e-05
33,4,1.1252284049987794e-05
33,5,1.1039495468139648e-05
33,6,1.0967731475830079e-05
33,7,1.118302345275879e-05
33,8,1.1156678199768066e-05
33,9,1.1176526546478271e-05
33,10,1.1218488216400147e-05
33,11,1.1162757873535156e-05
33,12,1.1152029037475586e-05
33,13,1.1120676994323731e-05
33,14,1.1115849018096924e-05
33,15,1.114809513092041e-05
33,16,1.1175632476806641e-05
33,17,1.1093735694885255e-05
33,18,1.1123061180114746e-05
33,19,1.1146843433380127e-05
33,20,1.1153578758239746e-05
33,21,1.112586259841919e-05
33,22,1.1138319969177246e-05
33,23,1.1117815971374512e-05
33,24,1.1119306087493896e-05
33,25,1.1129677295684814e-05
33,26,1.102733612060547e-05
33,27,1.1009812355041504e-05
33,28,1.1123776435852051e-05
33,29,1.1058807373046875e-05
33,30,1.1071920394897461e-05
33,31,1.1090517044067384e-05
33,32,1.1143445968627929e-05
33,33,1.1191010475158691e-05
33,34,1.1135756969451904e-05
33,35,1.1144459247589112e-05
33,36,1.1192381381988525e-05
33,37,1.1153697967529296e-05
33,38,1.1164426803588867e-05
33,39,1.1157870292663575e-05
33,40,1.121068000793457e-05
33,41,1.118779182434082e-05
33,42,1.1255860328674317e-05
33,43,1.1265456676483153e-05
33,44,1.124340295791626e-05
33,45,1.1221170425415039e-05
33,46,1.1199712753295899e-05
33,47,1.1191725730895996e-05
33,48,1.1330008506774903e-05
33,49,1.1420249938964843e-05
33,50,1.137751340866089e-05
34,4,1.1262476444244385e-05
34,5,1.1251866817474366e-05
34,6,1.1182665824890137e-05
34,7,1.1239409446716309e-05
34,8,1.1210918426513672e-05
34,9,1.1246562004089356e-05
34,10,1.1248052120208741e-05
34,11,1.120370626449585e-05
34,12,1.1337101459503175e-05
34,13,1.123201847076416e-05
34,14,1.1255621910095214e-05
34,15,1.1206686496734619e-05
34,16,1.1295616626739501e-05
34,17,1.1196374893188476e-05
34,18,1.121068000793457e-05
34,19,1.1282682418823242e-05
34,20,1.1330008506774903e-05
34,21,1.122075319290161e-05
34,22,1.1299848556518555e-05
34,23,1.1252284049987794e-05
34,24,1.1221945285797119e-05
34,25,1.126319169998169e-05
34,26,1.129072904586792e-05
34,27,1.1231303215026856e-05
34,28,1.1298120021820068e-05
34,29,1.1302411556243896e-05
34,30,1.1252224445343018e-05
34,31,1.1347651481628418e-05
34,32,1.1239886283874512e-05
34,33,1.1224150657653809e-05
34,34,1.118624210357666e-05
34,35,1.1170387268066405e-05
34,36,1.1177122592926025e-05
34,37,1.1233329772949219e-05
34,38,1.1236310005187989e-05
34,39,1.1194229125976562e-05
34,40,1.1210560798645019e-05
34,41,1.1218845844268799e-05
34,42,1.1267244815826415e-05
34,43,1.1263668537139893e-05
34,44,1.1296927928924561e-05
34,45,1.1439740657806396e-05
34,46,1.1392295360565186e-05
34,47,1.1363506317138672e-05
34,48,1.1339068412780762e-05
34,49,1.1415064334869385e-05
34,50,1.1422634124755859e-05
35,4,1.080542802810669e-05
35,5,1.1223852634429932e-05
35,6,1.111447811126709e-05
35,7,1.1404454708099366e-05
35,8,1.133507490158081e-05
35,9,1.1383771896362305e-05
35,10,1.1527657508850097e-05
35,11,1.1374235153198242e-05
35,12,1.1376261711120605e-05
35,13,1.1507093906402587e-05
35,14,1.1397063732147218e-05
35,15,1.1381924152374267e-05
35,16,1.140284538269043e-05
35,17,1.1366248130798339e-05
35,18,1.1385083198547363e-05
35,19,1.1442244052886963e-05
35,20,1.1416494846343995e-05
35,21,1.14363431930542e-05
35,22,1.1458158493041992e-05
35,23,1.1446058750152587e-05
35,24,1.1327147483825684e-05
35,25,1.1374950408935547e-05
35,26,1.1334359645843505e-05
35,27,1.1401593685150147e-05
35,28,1.139533519744873e-05
35,29,1.1370837688446044e-05
35,30,1.143348217010498e-05
35,31,1.1439800262451172e-05
35,32,1.1420607566833496e-05
35,33,1.1389076709747314e-05
35,34,1.1452972888946533e-05
35,35,1.1415183544158935e-05
35,36,1.1424481868743896e-05
35,37,1.1529266834259033e-05
35,38,1.1496126651763915e-05
35,39,1.1534154415130615e-05
35,40,1.1403739452362061e-05
35,41,1.1535465717315673e-05
35,42,1.1451184749603271e-05
35,43,1.158064603805542e-05
35,44,1.1512577533721924e-05
35,45,1.1583328247070313e-05
35,46,1.1469781398773194e-05
35,47,1.1617541313171387e-05
35,48,1.1587262153625487e-05
35,49,1.2737035751342774e-05
35,50,1.1635661125183105e-05
36,4,1.0728776454925537e-05
36,5,1.0675489902496337e-05
36,6,1.0578274726867675e-05
36,7,1.0711073875427246e-05
36,8,1.0604918003082275e-05
36,9,1.064854860305786e-05
36,10,1.0602116584777832e-05
36,11,1.0633468627929688e-05
36,12,1.1286139488220215e-05
36,13,1.1264145374298095e-05
36,14,1.1312544345855713e-05
36,15,1.122039556503296e-05
36,16,1.1257767677307129e-05
36,17,1.1194407939910889e-05
36,18,1.142197847366333e-05
36,19,1.1484265327453614e-05
36,20,1.1234462261199951e-05
36,21,1.1226177215576172e-05
36,22,1.1290371417999267e-05
36,23,1.130199432373047e-05
36,24,1.123422384262085e-05
36,25,1.1234760284423828e-05
36,26,1.1260628700256347e-05
36,27,1.1316359043121338e-05
36,28,1.1308491230010986e-05
36,29,1.1277258396148681e-05
36,30,1.1364400386810303e-05
36,31,1.1312186717987061e-05
36,32,1.1244714260101318e-05
36,33,1.1256158351898194e-05
36,34,1.134943962097168e-05
36,35,1.129317283630371e-05
36,36,1.1306166648864747e-05
36,37,1.1344611644744872e-05
36,38,1.1304855346679687e-05
36,39,1.1247813701629638e-05
36,40,1.1375606060028076e-05
36,41,1.1300742626190185e-05
36,42,1.1359214782714843e-05
36,43,1.1379778385162353e-05
36,44,1.1343300342559814e-05
36,45,1.1333107948303223e-05
36,46,1.13869309425354e-05
36,47,1.1276304721832276e-05
36,48,1.1236965656280518e-05
36,49,1.1267542839050294e-05
36,50,1.1282145977020263e-05
37,4,1.0414838790893555e-05
37,5,1.0363519191741944e-05
37,6,1.0361969470977783e-05
37,7,1.0420799255371093e-05
37,8,1.0433733463287354e-05
37,9,1.0418474674224854e-05
37,10,1.0413527488708497e-05
37,11,1.0965406894683838e-05
37,12,1.1019349098205566e-05
37,13,1.1037766933441162e-05
37,14,1.1033475399017333e-05
37,15,1.0902583599090576e-05
37,16,1.1069536209106446e-05
37,17,1.1041879653930665e-05
37,18,1.1048495769500732e-05
37,19,1.1043131351470947e-05
37,20,1.1077582836151123e-05
37,21,1.1050641536712647e-05
37,22,1.1137604713439942e-05
37,23,1.101076602935791e-05
37,24,1.0979294776916504e-05
37,25,1.109832525253296e-05
37,26,1.1019647121429443e-05
37,27,1.1053502559661865e-05
37,28,1.1130869388580323e-05
37,29,1.107698678970337e-05
37,30,1.104360818862915e-05
37,31,1.10970139503479e-05
37,32,1.1038064956665038e-05
37,33,1.1167347431182861e-05
37,34,1.106184720993042e-05
37,35,1.1024951934814452e-05
37,36,1.1017084121704102e-05
37,37,1.1072993278503418e-05
37,38,1.1076390743255615e-05
37,39,1.1090993881225586e-05
37,40,1.1099874973297119e-05
37,41,1.1111915111541748e-05
37,42,1.1138617992401123e-05
37,43,1.1043190956115723e-05
37,44,1.1020123958587647e-05
37,45,1.1042416095733642e-05
37,46,1.1180222034454346e-05
37,47,1.1152029037475586e-05
37,48,1.1182308197021485e-05
37,49,1.1340022087097167e-05
37,50,1.1236071586608886e-05
38,4,1.1682987213134766e-05
38,5,1.1741042137145996e-05
38,6,1.1684954166412353e-05
38,7,1.1764407157897949e-05
38,8,1.1715054512023925e-05
38,9,1.178455352783203e-05
38,10,1.1740028858184815e-05
38,11,1.1740028858184815e-05
38,12,1.1696040630340576e-05
38,13,1.182180643081665e-05
38,14,1.1794626712799072e-05
38,15,1.1795520782470702e-05
38,16,1.1740267276763916e-05
38,17,1.1793851852416992e-05
38,18,1.1753380298614502e-05
38,19,1.1769413948059082e-05
38,20,1.1771440505981445e-05
38,21,1.1752963066101074e-05
38,22,1.176595687866211e-05
38,23,1.1739492416381835e-05
38,24,1.1736392974853515e-05
38,25,1.174485683441162e-05
38,26,1.1776387691497802e-05
38,27,1.1871576309204101e-05
38,28,1.1763989925384521e-05
38,29,1.1824905872344971e-05
38,30,1.1824071407318115e-05
38,31,1.184922456741333e-05
38,32,1.1828064918518067e-05
38,33,1.1744201183319092e-05
38,34,1.1836707592010497e-05
38,35,1.1793136596679687e-05
38,36,1.1722803115844726e-05
38,37,1.1837244033813477e-05
38,38,1.1819541454315186e-05
38,39,1.1818766593933106e-05
38,40,1.1853158473968506e-05
38,41,1.1870622634887696e-05
38,42,1.1830389499664306e-05
38,43,1.2061834335327149e-05
38,44,1.1910140514373779e-05
38,45,1.1868417263031006e-05
38,46,1.1880874633789063e-05
38,47,1.173102855682373e-05
38,48,1.1751890182495116e-05
38,49,1.1989951133728027e-05
38,50,1.1877000331878662e-05
39,4,1.1284589767456055e-05
39,5,1.1091113090515137e-05
39,6,1.1173725128173828e-05
39,7,1.0951101779937745e-05
39,8,1.0897278785705566e-05
39,9,1.0823726654052735e-05
39,10,1.1005759239196777e-05
39,11,1.1047303676605224e-05
39,12,1.1094152927398681e-05
39,13,1.1122405529022217e-05
39,14,1.1087298393249512e-05
39,15,1.1102855205535889e-05
39,16,1.108837127685547e-05
39,17,1.1082887649536133e-05
39,18,1.1080563068389893e-05
39,19,1.1087536811828613e-05
39,20,1.1059165000915527e-05
39,21,1.0979175567626952e-05
39,22,1.1001706123352051e-05
39,23,1.0989427566528321e-05
39,24,1.1004507541656494e-05
39,25,1.0991096496582032e-05
39,26,1.1012017726898194e-05
39,27,1.0946393013000489e-05
39,28,1.1016130447387695e-05
39,29,1.1000514030456543e-05
39,30,1.09635591506958e-05
39,31,1.1048734188079833e-05
39,32,1.1051177978515624e-05
39,33,1.1038482189178466e-05
39,34,1.1041343212127685e-05
39,35,1.1033117771148681e-05
39,36,1.1053502559661865e-05
39,37,1.1177897453308105e-05
39,38,1.1165738105773927e-05
39,39,1.1121511459350586e-05
39,40,1.1095225811004638e-05
39,41,1.1101722717285156e-05
39,42,1.1123359203338623e-05
39,43,1.1081337928771972e-05
39,44,1.1118590831756591e-05
39,45,1.1166393756866456e-05
39,46,1.113802194595337e-05
39,47,1.1122703552246094e-05
39,48,1.10931396484375e-05
39,49,1.1159002780914307e-05
39,50,1.1191308498382568e-05
40,4,1.1136651039123536e-05
40,5,1.1335790157318115e-05
40,6,1.1351406574249267e-05
40,7,1.1342287063598633e-05
40,8,1.1326730251312256e-05
40,9,1.1427521705627442e-05
40,10,1.1386394500732423e-05
40,11,1.1341452598571777e-05
40,12,1.1498391628265381e-05
40,13,1.1514008045196533e-05
40,14,1.129978895187378e-05
40,15,1.1276185512542724e-05
40,16,1.1315762996673584e-05
40,17,1.1287808418273925e-05
40,18,1.1383235454559327e-05
40,19,1.1395871639251709e-05
40,20,1.1331915855407715e-05
40,21,1.1343419551849366e-05
40,22,1.1352062225341796e-05
40,23,1.13794207572937e-05
40,24,1.1187195777893066e-05
40,25,1.1404633522033691e-05
40,26,1.1341452598571777e-05
40,27,1.1332929134368896e-05
40,28,1.13905668258667e-05
40,29,1.1398732662200928e-05
40,30,1.1391282081604004e-05
40,31,1.140528917312622e-05
40,32,1.1365711688995361e-05
40,33,1.1289596557617187e-05
40,34,1.1428117752075195e-05
40,35,1.141268014907837e-05
40,36,1.1465966701507568e-05
40,37,1.1444270610809325e-05
40,38,1.1485397815704346e-05
40,39,1.143854856491089e-05
40,40,1.1471569538116456e-05
40,41,1.1590003967285157e-05
40,42,1.1462390422821044e-05
40,43,1.15278959274292e-05
40,44,1.148432493209839e-05
40,45,1.1507570743560791e-05
40,46,1.1508345603942871e-05
40,47,1.1378705501556396e-05
40,48,1.1467814445495605e-05
40,49,1.1407017707824706e-05
40,50,1.1637508869171143e-05
41,4,1.138603687286377e-05
41,5,1.1483371257781982e-05
41,6,1.1214137077331543e-05
41,7,1.1497259140014648e-05
41,8,1.1441707611083985e-05
41,9,1.1491000652313233e-05
41,10,1.1448383331298828e-05
41,11,1.1428296566009522e-05
41,12,1.1451542377471924e-05
41,13,1.1456429958343505e-05
41,14,1.1497735977172852e-05
41,15,1.1382400989532471e-05
41,16,1.1362910270690918e-05
41,17,1.1428594589233399e-05
41,18,1.1424660682678223e-05
41,19,1.1468350887298585e-05
41,20,1.1240482330322266e-05
41,21,1.1262059211730957e-05
41,22,1.1595845222473144e-05
41,23,1.1598289012908935e-05
41,24,1.1503994464874267e-05
41,25,1.1570155620574952e-05
41,26,1.1349260807037353e-05
41,27,1.1324524879455566e-05
41,28,1.1560261249542237e-05
41,29,1.147693395614624e-05
41,30,1.1467397212982177e-05
41,31,1.1708140373229981e-05
41,32,1.1479318141937256e-05
41,33,1.1490881443023681e-05
41,34,1.1550009250640868e-05
41,35,1.157170534133911e-05
41,36,1.1562168598175049e-05
41,37,1.1581122875213623e-05
41,38,1.1564970016479492e-05
41,39,1.1599719524383544e-05
41,40,1.157587766647339e-05
41,41,1.1553764343261719e-05
41,42,1.1585414409637452e-05
41,43,1.1611700057983399e-05
41,44,1.1584937572479248e-05
41,45,1.1603593826293945e-05
41,46,1.1635005474090576e-05
41,47,1.1599123477935791e-05
41,48,1.1599361896514892e-05
41,49,1.1615455150604248e-05
41,50,1.1634647846221924e-05
42,4,1.0790765285491943e-05
42,5,1.085507869720459e-05
42,6,1.0778307914733887e-05
42,7,1.0695457458496094e-05
42,8,1.0830223560333252e-05
42,9,1.0612428188323974e-05
42,10,1.0750234127044678e-05
42,11,1.0800004005432128e-05
42,12,1.066601276397705e-05
42,13,1.0693073272705078e-05
42,14,1.0641753673553466e-05
42,15,1.0656177997589112e-05
42,16,1.0616540908813477e-05
42,17,1.0625481605529785e-05
42,18,1.0671436786651612e-05
42,19,1.0691046714782716e-05
42,20,1.0667264461517335e-05
42,21,1.0711252689361573e-05
42,22,1.0692954063415527e-05
42,23,1.0721027851104736e-05
42,24,1.0647237300872803e-05
42,25,1.0722219944000245e-05
42,26,1.0712683200836182e-05
42,27,1.071399450302124e-05
42,28,1.0788261890411378e-05
42,29,1.0703980922698975e-05
42,30,1.0680079460144042e-05
42,31,1.0699748992919922e-05
42,32,1.0742783546447754e-05
42,33,1.0724782943725585e-05
42,34,1.0704755783081055e-05
42,35,1.0661423206329346e-05
42,36,1.070106029510498e-05
42,37,1.0668754577636718e-05
42,38,1.0664641857147217e-05
42,39,1.0631859302520751e-05
42,40,1.067739725112915e-05
42,41,1.0670185089111328e-05
42,42,1.0675132274627685e-05
42,43,1.0802388191223145e-05
42,44,1.0684609413146973e-05
42,45,1.0731756687164307e-05
42,46,1.0732591152191161e-05
42,47,1.0763704776763916e-05
42,48,1.0734975337982178e-05
42,49,1.0703146457672118e-05
42,50,1.0765433311462403e-05
43,4,1.078706979751587e-05
43,5,1.0871231555938721e-05
43,6,1.0786652565002441e-05
43,7,1.0742902755737304e-05
43,8,1.0782957077026366e-05
43,9,1.0834097862243652e-05
43,10,1.0861575603485108e-05
43,11,1.0813772678375245e-05
43,12,1.0807693004608155e-05
43,13,1.0878682136535645e-05
43,14,1.0916173458099365e-05
43,15,1.0946810245513917e-05
43,16,1.0918021202087403e-05
43,17,1.090914011001587e-05
43,18,1.0876178741455079e-05
43,19,1.0930180549621581e-05
43,20,1.089555025100708e-05
43,21,1.0953783988952637e-05
43,22,1.09444260597229e-05
43,23,1.0937213897705079e-05
43,24,1.0889828205108642e-05
43,25,1.0967254638671875e-05
43,26,1.0885775089263917e-05
43,27,1.0956525802612304e-05
43,28,1.0914623737335204e-05
43,29,1.0978043079376221e-05
43,30,1.0961174964904785e-05
43,31,1.0940074920654298e-05
43,32,1.0913550853729247e-05
43,33,1.098567247390747e-05
43,34,1.0953247547149657e-05
43,35,1.0951995849609375e-05
43,36,1.0937392711639404e-05
43,37,1.0875225067138671e-05
43,38,1.086723804473877e-05
43,39,1.090526580810547e-05
43,40,1.0850191116333008e-05
43,41,1.0850250720977784e-05
43,42,1.0937869548797608e-05
43,43,1.0977208614349365e-05
43,44,1.0991334915161133e-05
43,45,1.0970830917358399e-05
43,46,1.0987520217895508e-05
43,47,1.0947227478027343e-05
43,48,1.1054754257202148e-05
43,49,1.0994195938110351e-05
43,50,1.0985851287841798e-05
44,4,1.0670900344848632e-05
44,5,1.07613205909729e-05
44,6,1.0659754276275635e-05
44,7,1.0741055011749268e-05
44,8,1.0718882083892822e-05
44,9,1.0670185089111328e-05
44,10,1.0721147060394288e-05
44,11,1.0651767253875732e-05
44,12,1.0682880878448487e-05
44,13,1.0658979415893555e-05
44,14,1.0704159736633302e-05
44,15,1.0756492614746094e-05
44,16,1.0688602924346923e-05
44,17,1.0668933391571045e-05
44,18,1.0670065879821778e-05
44,19,1.07269287109375e-05
44,20,1.0716378688812256e-05
44,21,1.0710358619689941e-05
44,22,1.0723531246185303e-05
44,23,1.0708034038543702e-05
44,24,1.070106029510498e-05
44,25,1.0723650455474854e-05
44,26,1.0723769664764404e-05
44,27,1.0623633861541749e-05
44,28,1.0669291019439698e-05
44,29,1.0692179203033447e-05
44,30,1.0679244995117188e-05
44,31,1.0631918907165527e-05
44,32,1.068323850631714e-05
44,33,1.0760784149169922e-05
44,34,1.0731339454650879e-05
44,35,1.0733187198638916e-05
44,36,1.0703206062316894e-05
44,37,1.0738492012023926e-05
44,38,1.0696887969970703e-05
44,39,1.0663211345672607e-05
44,40,1.0631263256072998e-05
44,41,1.0637521743774413e-05
44,42,1.067805290222168e-05
44,43,1.0767936706542969e-05
44,44,1.0728895664215088e-05
44,45,1.0851740837097169e-05
44,46,1.0947346687316894e-05
44,47,1.0749340057373047e-05
44,48,1.069575548171997e-05
44,49,1.0767877101898193e-05
44,50,1.0769546031951904e-05
45,4,1.122218370437622e-05
45,5,1.1145949363708496e-05
45,6,1.1210799217224122e-05
45,7,1.1210143566131591e-05
45,8,1.1228561401367187e-05
45,9,1.1097133159637451e-05
45,10,1.1206686496734619e-05
45,11,1.1120200157165527e-05
45,12,1.1070072650909423e-05
45,13,1.1157035827636719e-05
45,14,1.09824538230896e-05
45,15,1.0798215866088866e-05
45,16,1.1136233806610108e-05
45,17,1.1134743690490723e-05
45,18,1.122051477432251e-05
45,19,1.114797592163086e-05
45,20,1.1136770248413086e-05
45,21,1.115107536315918e-05
45,22,1.1236786842346191e-05
45,23,1.1109828948974609e-05
45,24,1.1080443859100342e-05
45,25,1.1145293712615966e-05
45,26,1.1203587055206299e-05
45,27,1.1235415935516357e-05
45,28,1.1150896549224853e-05
45,29,1.1186718940734863e-05
45,30,1.1153995990753174e-05
45,31,1.1162042617797852e-05
45,32,1.1036694049835205e-05
45,33,1.1039197444915771e-05
45,34,1.1121153831481933e-05
45,35,1.1157870292663575e-05
45,36,1.1209428310394286e-05
45,37,1.1299848556518555e-05
45,38,1.1214971542358399e-05
45,39,1.122879981994629e-05
45,40,1.1203587055206299e-05
45,41,1.129305362701416e-05
45,42,1.1400580406188965e-05
45,43,1.126939058303833e-05
45,44,1.1332690715789795e-05
45,45,1.1304676532745361e-05
45,46,1.1293292045593262e-05
45,47,1.131904125213623e-05
45,48,1.1321783065795899e-05
45,49,1.1312723159790039e-05
45,50,1.1296629905700684e-05
46,4,1.1706292629241943e-05
46,5,1.1659741401672363e-05
46,6,1.1595845222473144e-05
46,7,1.1510193347930909e-05
46,8,1.154845952987671e-05
46,9,1.1505007743835449e-05
46,10,1.1537492275238038e-05
46,11,1.159113645553589e-05
46,12,1.1535167694091796e-05
46,13,1.156848669052124e-05
46,14,1.1595070362091064e-05
46,15,1.1521339416503906e-05
46,16,1.1486351490020752e-05
46,17,1.1507093906402587e-05
46,18,1.1490166187286377e-05
46,19,1.1589944362640381e-05
46,20,1.1595845222473144e-05
46,21,1.1608719825744629e-05
46,22,1.1715888977050781e-05
46,23,1.1651039123535157e-05
46,24,1.162940263748169e-05
46,25,1.168358325958252e-05
46,26,1.170194149017334e-05
46,27,1.1604547500610352e-05
46,28,1.1697947978973388e-05
46,29,1.164078712463379e-05
46,30,1.1623919010162353e-05
46,31,1.1421382427215576e-05
46,32,1.143324375152588e-05
46,33,1.1391520500183105e-05
46,34,1.1753737926483154e-05
46,35,1.1657238006591796e-05
46,36,1.1629045009613038e-05
46,37,1.171565055847168e-05
46,38,1.1696279048919677e-05
46,39,1.1685907840728759e-05
46,40,1.1731386184692382e-05
46,41,1.1572778224945068e-05
46,42,1.1608719825744629e-05
46,43,1.1624038219451905e-05
46,44,1.1623382568359376e-05
46,45,1.1686503887176514e-05
46,46,1.1680364608764648e-05
46,47,1.1675119400024414e-05
46,48,1.1666178703308105e-05
46,49,1.163029670715332e-05
46,50,1.1680126190185547e-05
47,4,1.0246694087982178e-05
47,5,1.0686814785003661e-05
47,6,1.0662376880645751e-05
47,7,1.0716140270233155e-05
47,8,1.064854860305786e-05
47,9,1.0660350322723389e-05
47,10,1.0701954364776612e-05
47,11,1.0622739791870117e-05
47,12,1.0765373706817627e-05
47,13,1.0676801204681397e-05
47,14,1.0800421237945556e-05
47,15,1.074814796447754e-05
47,16,1.084744930267334e-05
47,17,1.080334186553955e-05
47,18,1.08528733253479e-05
47,19,1.0879635810852051e-05
47,20,1.0820508003234864e-05
47,21,1.0769963264465332e-05
47,22,1.0860681533813476e-05
47,23,1.08528733253479e-05
47,24,1.0804474353790284e-05
47,25,1.0979771614074708e-05
47,26,1.0814070701599122e-05
47,27,1.0842204093933105e-05
47,28,1.0870039463043213e-05
47,29,1.0838687419891357e-05
47,30,1.0861992835998536e-05
47,31,1.0899722576141357e-05
47,32,1.0913610458374023e-05
47,33,1.0918676853179932e-05
47,34,1.0883569717407227e-05
47,35,1.0940194129943847e-05
47,36,1.0925412178039551e-05
47,37,1.0863244533538818e-05
47,38,1.0889530181884766e-05
47,39,1.0862171649932861e-05
47,40,1.0850250720977784e-05
47,41,1.0904908180236817e-05
47,42,1.0886847972869874e-05
47,43,1.0941207408905029e-05
47,44,1.097261905670166e-05
47,45,1.0892629623413085e-05
47,46,1.101672649383545e-05
47,47,1.0891973972320556e-05
47,48,1.0944008827209473e-05
47,49,1.0967671871185303e-05
47,50,1.0982334613800048e-05
48,4,1.1333584785461425e-05
48,5,1.1320233345031738e-05
48,6,1.1296451091766357e-05
48,7,1.139533519744873e-05
48,8,1.1290431022644043e-05
48,9,1.1239290237426757e-05
48,10,1.1194348335266113e-05
48,11,1.1216819286346436e-05
48,12,1.1254370212554932e-05
48,13,1.127845048904419e-05
48,14,1.1226534843444824e-05
48,15,1.124095916748047e-05
48,16,1.1200070381164551e-05
48,17,1.1276960372924805e-05
48,18,1.1211454868316651e-05
48,19,1.1338174343109132e-05
48,20,1.1193990707397461e-05
48,21,1.1204719543457032e-05
48,22,1.1228680610656738e-05
48,23,1.1313557624816895e-05
48,24,1.1194825172424317e-05
48,25,1.1301398277282715e-05
48,26,1.1279642581939698e-05
48,27,1.1221945285797119e-05
48,28,1.1285543441772461e-05
48,29,1.1335492134094238e-05
48,30,1.1391401290893556e-05
48,31,1.1280477046966552e-05
48,32,1.1259377002716065e-05
48,33,1.1426687240600586e-05
48,34,1.1306881904602051e-05
48,35,1.134192943572998e-05
48,36,1.1333525180816651e-05
48,37,1.1372268199920654e-05
48,38,1.1335909366607666e-05
48,39,1.1372864246368409e-05
48,40,1.1350631713867187e-05
48,41,1.140129566192627e-05
48,42,1.1479079723358154e-05
48,43,1.1387825012207032e-05
48,44,1.1521100997924805e-05
48,45,1.1405110359191895e-05
48,46,1.1468648910522461e-05
48,47,1.1408805847167968e-05
48,48,1.1398792266845704e-05
48,49,1.15278959274292e-05
48,50,1.1509954929351806e-05
49,4,1.0646760463714599e-05
49,5,1.0719418525695802e-05
49,6,1.0612905025482178e-05
49,7,1.063472032546997e-05
49,8,1.0669231414794922e-05
49,9,1.0670602321624756e-05
49,10,1.0613679885864259e-05
49,11,1.0676383972167969e-05
49,12,1.069331169128418e-05
49,13,1.071488857269287e-05
49,14,1.065295934677124e-05
49,15,1.0660529136657716e-05
49,16,1.0719835758209228e-05
49,17,1.063990592956543e-05
49,18,1.0658860206604004e-05
49,19,1.0646283626556397e-05
49,20,1.0699987411499023e-05
49,21,1.0729789733886718e-05
49,22,1.0716795921325684e-05
49,23,1.0680615901947022e-05
49,24,1.072150468826294e-05
49,25,1.0686099529266357e-05
49,26,1.062941551208496e-05
49,27,1.0614633560180664e-05
49,28,1.0554730892181397e-05
49,29,1.0612845420837402e-05
49,30,1.0602414608001708e-05
49,31,1.061803102493286e-05
49,32,1.058948040008545e-05
49,33,1.0551810264587402e-05
49,34,1.0668158531188965e-05
49,35,1.0739922523498536e-05
49,36,1.0802805423736573e-05
49,37,1.0798811912536621e-05
49,38,1.0764539241790771e-05
49,39,1.0734975337982178e-05
49,40,1.0784506797790527e-05
49,41,1.0776162147521973e-05
49,42,1.0802626609802246e-05
49,43,1.0833740234375e-05
49,44,1.0827720165252685e-05
49,45,1.0673701763153075e-05
49,46,1.0786056518554688e-05
49,47,1.0706067085266113e-05
49,48,1.0794997215270997e-05
49,49,1.0697007179260254e-05
49,50,1.0702908039093017e-05
50,4,1.1329472064971924e-05
50,5,1.13183856010437e-05
50,6,1.1205434799194336e-05
50,7,1.1394023895263672e-05
50,8,1.1277377605438233e-05
50,9,1.1289060115814209e-05
50,10,1.1368989944458008e-05
50,11,1.1271297931671143e-05
50,12,1.1306703090667724e-05
50,13,1.132255792617798e-05
50,14,1.1340975761413575e-05
50,15,1.1180102825164795e-05
50,16,1.1301577091217042e-05
50,17,1.1360228061676025e-05
50,18,1.1271893978118896e-05
50,19,1.1295735836029052e-05
50,20,1.1421442031860352e-05
50,21,1.1488914489746094e-05
50,22,1.1504888534545899e-05
50,23,1.1471807956695557e-05
50,24,1.1535584926605224e-05
50,25,1.1568009853363038e-05
50,26,1.1483430862426758e-05
50,27,1.1452078819274902e-05
50,28,1.1475205421447753e-05
50,29,1.147902011871338e-05
50,30,1.1644840240478515e-05
50,31,1.1329114437103271e-05
50,32,1.1390149593353271e-05
50,33,1.1393368244171143e-05
50,34,1.1416494846343995e-05
50,35,1.144498586654663e-05
50,36,1.1432230472564697e-05
50,37,1.1425614356994629e-05
50,38,1.1346518993377686e-05
50,39,1.1376500129699708e-05
50,40,1.1345267295837403e-05
50,41,1.141911745071411e-05
50,42,1.1380791664123534e-05
50,43,1.1448264122009277e-05
50,44,1.1430978775024414e-05
50,45,1.1403024196624756e-05
50,46,1.1415541172027587e-05
50,47,1.1452555656433105e-05
50,48,1.1422812938690186e-05
50,49,1.1480391025543213e-05
50,50,1.1432766914367676e-05
51,4,1.120901107788086e-05
51,5,1.115262508392334e-05
51,6,1.1176526546478271e-05
51,7,1.1248111724853515e-05
51,8,1.1204004287719727e-05
51,9,1.1237561702728271e-05
51,10,1.1255919933319091e-05
51,11,1.1147379875183105e-05
51,12,1.1142611503601075e-05
51,13,1.1141836643218994e-05
51,14,1.1105239391326904e-05
51,15,1.1124730110168457e-05
51,16,1.113283634185791e-05
51,17,1.1146008968353271e-05
51,18,1.1172711849212647e-05
51,19,1.1178851127624512e-05
51,20,1.1190652847290038e-05
51,21,1.1194884777069091e-05
51,22,1.1226713657379151e-05
51,23,1.1179625988006591e-05
51,24,1.1219024658203124e-05
51,25,1.1106669902801514e-05
51,26,1.1088967323303223e-05
51,27,1.1059224605560303e-05
51,28,1.1224567890167237e-05
51,29,1.125425100326538e-05
51,30,1.1202812194824219e-05
51,31,1.1172115802764893e-05
51,32,1.1152803897857666e-05
51,33,1.1201739311218262e-05
51,34,1.1215627193450928e-05
51,35,1.1262714862823486e-05
51,36,1.123291254043579e-05
51,37,1.1260449886322022e-05
51,38,1.1251688003540039e-05
51,39,1.12990140914917e-05
51,40,1.1352598667144776e-05
51,41,1.136469841003418e-05
51,42,1.1385977268218994e-05
51,43,1.1623680591583252e-05
51,44,1.149141788482666e-05
51,45,1.1409819126129151e-05
51,46,1.1433720588684082e-05
51,47,1.1408567428588867e-05
51,48,1.1396169662475586e-05
51,49,1.1430680751800537e-05
51,50,1.1445045471191406e-05
52,4,1.192384958267212e-05
52,5,1.180511713027954e-05
52,6,1.1768877506256104e-05
52,7,1.1826276779174805e-05
52,8,1.1725306510925292e-05
52,9,1.1768758296966553e-05
52,10,1.1814296245574952e-05
52,11,1.1743068695068359e-05
52,12,1.177901029586792e-05
52,13,1.181650161743164e-05
52,14,1.1807620525360107e-05
52,15,1.1777758598327638e-05
52,16,1.1802852153778076e-05
52,17,1.1747419834136963e-05
52,18,1.1762797832489014e-05
52,19,1.1832773685455321e-05
52,20,1.1881887912750244e-05
52,21,1.1801838874816895e-05
52,22,1.1826753616333007e-05
52,23,1.1843621730804444e-05
52,24,1.4488339424133302e-05
52,25,1.183861494064331e-05
52,26,1.1775612831115723e-05
52,27,1.1776506900787353e-05
52,28,1.1834323406219482e-05
52,29,1.1873126029968262e-05
52,30,1.1793017387390138e-05
52,31,1.1844754219055176e-05
52,32,1.1806130409240723e-05
52,33,1.1792182922363281e-05
52,34,1.195758581161499e-05
52,35,1.1840462684631348e-05
52,36,1.2008309364318848e-05
52,37,1.1898994445800782e-05
52,38,1.1996984481811524e-05
52,39,1.1950075626373291e-05
52,40,1.1843323707580567e-05
52,41,1.1897921562194824e-05
52,42,1.1898338794708253e-05
52,43,1.1975049972534179e-05
52,44,1.1891484260559082e-05
52,45,1.1951923370361329e-05
52,46,1.2006163597106934e-05
52,47,1.197957992553711e-05
52,48,1.200336217880249e-05
52,49,1.2002289295196534e-05
52,50,1.1973321437835693e-05
53,4,1.0556936264038087e-05
53,5,1.0549664497375488e-05
53,6,1.0530531406402588e-05
53,7,1.0546326637268066e-05
53,8,1.0526001453399659e-05
53,9,1.0501623153686523e-05
53,10,1.0451912879943848e-05
53,11,1.0441482067108154e-05
53,12,1.0487377643585206e-05
53,13,1.0550618171691894e-05
53,14,1.0504066944122315e-05
53,15,1.0498344898223878e-05
53,16,1.0491251945495606e-05
53,17,1.0619699954986573e-05
53,18,1.0591745376586913e-05
53,19,1.0522007942199707e-05
53,20,1.0960936546325684e-05
53,21,1.1037468910217285e-05
53,22,1.1063992977142333e-05
53,23,1.101398468017578e-05
53,24,1.1014580726623536e-05
53,25,1.1002123355865479e-05
53,26,1.1074960231781005e-05
53,27,1.1060893535614014e-05
53,28,1.1211693286895752e-05
53,29,1.1080443859100342e-05
53,30,1.1045992374420166e-05
53,31,1.112973690032959e-05
53,32,1.1113345623016357e-05
53,33,1.1204063892364503e-05
53,34,1.1149585247039795e-05
53,35,1.1138200759887695e-05
53,36,1.1067569255828857e-05
53,37,1.1139035224914551e-05
53,38,1.1124849319458008e-05
53,39,1.1120617389678956e-05
53,40,1.11391544342041e-05
53,41,1.1105716228485108e-05
53,42,1.1097908020019532e-05
53,43,1.0633170604705811e-05
53,44,1.0640859603881836e-05
53,45,1.0694503784179688e-05
53,46,1.0792136192321778e-05
53,47,1.0744869709014893e-05
53,48,1.072680950164795e-05
53,49,1.0744988918304443e-05
53,50,1.0774433612823486e-05
54,4,1.0453581809997559e-05
54,5,1.1121869087219238e-05
54,6,1.1111259460449219e-05
54,7,1.1610925197601319e-05
54,8,1.1524736881256104e-05
54,9,1.1617660522460938e-05
54,10,1.1566102504730224e-05
54,11,1.1565804481506348e-05
54,12,1.1566400527954101e-05
54,13,1.1590480804443359e-05
54,14,1.1595606803894043e-05
54,15,1.1582493782043457e-05
54,16,1.1626303195953368e-05
54,17,1.1561155319213867e-05
54,18,1.1598467826843262e-05
54,19,1.1643290519714356e-05
54,20,1.1679649353027344e-05
54,21,1.1640489101409911e-05
54,22,1.1688172817230225e-05
54,23,1.15739107131958e-05
54,24,1.1570334434509277e-05
54,25,1.1644959449768067e-05
54,26,1.1633336544036866e-05
54,27,1.1671245098114014e-05
54,28,1.1615872383117676e-05
54,29,1.1839568614959716e-05
54,30,1.1755824089050292e-05
54,31,1.1756956577301025e-05
54,32,1.1773347854614258e-05
54,33,1.170569658279419e-05
54,34,1.1816740036010743e-05
54,35,1.1768877506256104e-05
54,36,1.1818468570709229e-05
54,37,1.1813461780548096e-05
54,38,1.1819601058959962e-05
54,39,1.1841893196105957e-05
54,40,1.1806309223175049e-05
54,41,1.1767148971557616e-05
54,42,1.1690735816955567e-05
54,43,1.1716008186340333e-05
54,44,1.1758923530578614e-05
54,45,1.1769652366638183e-05
54,46,1.1789500713348388e-05
54,47,1.1709034442901611e-05
54,48,1.1719048023223877e-05
54,49,1.1715888977050781e-05
54,50,1.171243190765381e-05
55,4,1.0468065738677979e-05
55,5,1.0278522968292236e-05
55,6,1.0306358337402344e-05
55,7,1.047283411026001e-05
55,8,1.0562419891357422e-05
55,9,1.0465741157531739e-05
55,10,1.0593175888061523e-05
55,11,1.0507285594940185e-05
55,12,1.051539182662964e-05
55,13,1.0642111301422118e-05
55,14,1.0740935802459717e-05
55,15,1.0854899883270264e-05
55,16,1.0796546936035156e-05
55,17,1.0834753513336181e-05
55,18,1.1361122131347656e-05
55,19,1.1241376399993896e-05
55,20,1.1253416538238525e-05
55,21,1.1278331279754638e-05
55,22,1.1332929134368896e-05
55,23,1.1272311210632324e-05
55,24,1.1237204074859619e-05
55,25,1.1278152465820313e-05
55,26,1.1243999004364014e-05
55,27,1.1392712593078614e-05
55,28,1.1306464672088623e-05
55,29,1.1232554912567138e-05
55,30,1.1196672916412353e-05
55,31,1.1274158954620361e-05
55,32,1.1179685592651367e-05
55,33,1.122426986694336e-05
55,34,1.1226058006286622e-05
55,35,1.1347591876983643e-05
55,36,1.1229455471038818e-05
55,37,1.1340498924255371e-05
55,38,1.1295974254608153e-05
55,39,1.1396169662475586e-05
55,40,1.1264264583587647e-05
55,41,1.1222302913665771e-05
55,42,1.1226713657379151e-05
55,43,1.1258959770202637e-05
55,44,1.1300802230834961e-05
55,45,1.1249780654907227e-05
55,46,1.1293292045593262e-05
55,47,1.1275887489318847e-05
55,48,1.1224508285522461e-05
55,49,1.1245131492614746e-05
55,50,1.1224150657653809e-05
56,4,1.1405229568481446e-05
56,5,1.135087013244629e-05
56,6,1.1365354061126709e-05
56,7,1.1347293853759766e-05
56,8,1.1203885078430176e-05
56,9,1.1149704456329346e-05
56,10,1.138746738433838e-05
56,11,1.1146903038024903e-05
56,12,1.1182725429534913e-05
56,13,1.1377871036529542e-05
56,14,1.1329412460327148e-05
56,15,1.1320829391479491e-05
56,16,1.1531293392181396e-05
56,17,1.1358499526977539e-05
56,18,1.1322200298309327e-05
56,19,1.1381983757019043e-05
56,20,1.131230592727661e-05
56,21,1.1274695396423339e-05
56,22,1.1404275894165039e-05
56,23,1.131761074066162e-05
56,24,1.1177897453308105e-05
56,25,1.1425793170928956e-05
56,26,1.129978895187378e-05
56,27,1.1332273483276367e-05
56,28,1.1314570903778076e-05
56,29,1.1314868927001953e-05
56,30,1.1371493339538575e-05
56,31,1.1386096477508544e-05
56,32,1.1349916458129882e-05
56,33,1.1435747146606446e-05
56,34,1.1370718479156494e-05
56,35,1.14213228225708e-05
56,36,1.1382639408111572e-05
56,37,1.1406242847442627e-05
56,38,1.1375129222869872e-05
56,39,1.1461913585662842e-05
56,40,1.1485874652862548e-05
56,41,1.1523663997650147e-05
56,42,1.1513173580169677e-05
56,43,1.1549830436706543e-05
56,44,1.1534631252288819e-05
56,45,1.1648714542388916e-05
56,46,1.1565029621124267e-05
56,47,1.1571109294891357e-05
56,48,1.1591076850891114e-05
56,49,1.1848747730255126e-05
56,50,1.1328399181365967e-05
57,4,1.1836707592010497e-05
57,5,1.1794865131378173e-05
57,6,1.1869072914123535e-05
57,7,1.1818766593933106e-05
57,8,1.176530122756958e-05
57,9,1.1860370635986329e-05
57,10,1.1740684509277344e-05
57,11,1.1825382709503173e-05
57,12,1.1821627616882324e-05
57,13,1.1864304542541505e-05
57,14,1.1901915073394776e-05
57,15,1.1905312538146973e-05
57,16,1.1871933937072754e-05
57,17,1.1922955513000488e-05
57,18,1.1846065521240234e-05
57,19,1.2029409408569336e-05
57,20,1.1926412582397462e-05
57,21,1.1964023113250733e-05
57,22,1.1893033981323243e-05
57,23,1.1879265308380126e-05
57,24,1.1875569820404053e-05
57,25,1.1931538581848144e-05
57,26,1.1982619762420654e-05
57,27,1.1931478977203369e-05
57,28,1.2015581130981445e-05
57,29,1.1960983276367187e-05
57,30,1.1930763721466064e-05
57,31,1.1992871761322021e-05
57,32,1.1960387229919434e-05
57,33,1.1961102485656739e-05
57,34,1.2039542198181153e-05
57,35,1.1974632740020753e-05
57,36,1.2005507946014405e-05
57,37,1.2076377868652344e-05
57,38,1.21002197265625e-05
57,39,1.1978566646575929e-05
57,40,1.2008368968963624e-05
57,41,1.1981844902038574e-05
57,42,1.1945724487304687e-05
57,43,1.1953949928283692e-05
57,44,1.2010812759399415e-05
57,45,1.1927306652069092e-05
57,46,1.1995613574981689e-05
57,47,1.1938691139221192e-05
57,48,1.2110173702239991e-05
57,49,1.1958837509155273e-05
57,50,1.2116014957427978e-05
58,4,1.2234926223754883e-05
58,5,1.204371452331543e-05
58,6,1.2218177318572998e-05
58,7,1.2112021446228027e-05
58,8,1.2024283409118653e-05
58,9,1.218855381011963e-05
58,10,1.2250840663909912e-05
58,11,1.219940185546875e-05
58,12,1.222515106201172e-05
58,13,1.2281894683837891e-05
58,14,1.225268840789795e-05
58,15,1.2328505516052246e-05
58,16,1.220238208770752e-05
58,17,1.2204885482788087e-05
58,18,1.2233376502990722e-05
58,19,1.2270212173461915e-05
58,20,1.2230634689331055e-05
58,21,1.2290596961975098e-05
58,22,1.2200355529785156e-05
58,23,1.222217082977295e-05
58,24,1.2228548526763916e-05
58,25,1.2050628662109374e-05
58,26,1.2093007564544678e-05
58,27,1.2100577354431153e-05
58,28,1.2053549289703369e-05
58,29,1.2068569660186768e-05
58,30,1.221233606338501e-05
58,31,1.209169626235962e-05
58,32,1.210087537765503e-05
58,33,1.2150108814239502e-05
58,34,1.2092292308807373e-05
58,35,1.2138128280639649e-05
58,36,1.2126922607421874e-05
58,37,1.2181758880615235e-05
58,38,1.2033581733703612e-05
58,39,1.2193679809570312e-05
58,40,1.2115895748138427e-05
58,41,1.2117445468902588e-05
58,42,1.2151718139648438e-05
58,43,1.2210726737976074e-05
58,44,1.2190520763397217e-05
58,45,1.2295961380004883e-05
58,46,1.2227416038513183e-05
58,47,1.2234807014465332e-05
58,48,1.217430830001831e-05
58,49,1.2003004550933838e-05
58,50,1.2084305286407472e-05
59,4,1.07002854347229e-05
59,5,1.0772526264190674e-05
59,6,1.0696887969970703e-05
59,7,1.0708093643188476e-05
59,8,1.0683774948120117e-05
59,9,1.0620176792144775e-05
59,10,1.0613322257995606e-05
59,11,1.0660886764526368e-05
59,12,1.0609924793243408e-05
59,13,1.0643482208251954e-05
59,14,1.0711371898651123e-05
59,15,1.0650873184204102e-05
59,16,1.0604560375213623e-05
59,17,1.064598560333252e-05
59,18,1.0705351829528808e-05
59,19,1.0679423809051513e-05
59,20,1.0691940784454346e-05
59,21,1.067131757736206e-05
59,22,1.0635673999786378e-05
59,23,1.0582625865936279e-05
59,24,1.0589778423309326e-05
59,25,1.0677754878997803e-05
59,26,1.063859462738037e-05
59,27,1.0678112506866455e-05
59,28,1.0642945766448974e-05
59,29,1.0656774044036865e-05
59,30,1.0649263858795166e-05
59,31,1.0713279247283936e-05
59,32,1.068115234375e-05
59,33,1.0734677314758302e-05
59,34,1.0734975337982178e-05
59,35,1.0740697383880616e-05
59,36,1.072615385055542e-05
59,37,1.0762035846710204e-05
59,38,1.0713696479797364e-05
59,39,1.0730564594268799e-05
59,40,1.0710060596466065e-05
59,41,1.0728716850280761e-05
59,42,1.0767519474029541e-05
59,43,1.0804951190948486e-05
59,44,1.0788500308990479e-05
59,45,1.086050271987915e-05
59,46,1.0985314846038818e-05
59,47,1.0994434356689452e-05
59,48,1.0873138904571533e-05
59,49,1.0806143283843994e-05
59,50,1.0920286178588867e-05
60,4,1.1316061019897461e-05
60,5,1.1302590370178223e-05
60,6,1.1315524578094482e-05
60,7,1.1322259902954101e-05
60,8,1.1245846748352051e-05
60,9,1.1287212371826172e-05
60,10,1.1195480823516846e-05
60,11,1.1221647262573242e-05
60,12,1.1242747306823731e-05
60,13,1.1218070983886719e-05
60,14,1.1224687099456786e-05
60,15,1.1184513568878174e-05
60,16,1.1237382888793946e-05
60,17,1.1227905750274658e-05
60,18,1.1272668838500976e-05
60,19,1.1261284351348877e-05
60,20,1.1313199996948242e-05
60,21,1.131737232208252e-05
60,22,1.123964786529541e-05
60,23,1.1171758174896241e-05
60,24,1.1179208755493165e-05
60,25,1.1306703090667724e-05
60,26,1.1225581169128418e-05
60,27,1.1214196681976318e-05
60,28,1.1240899562835694e-05
60,29,1.1218726634979248e-05
60,30,1.1212646961212158e-05
60,31,1.1304497718811034e-05
60,32,1.1205196380615234e-05
60,33,1.1315405368804932e-05
60,34,1.1300325393676757e-05
60,35,1.1331677436828614e-05
60,36,1.1303186416625976e-05
60,37,1.1333346366882324e-05
60,38,1.1300921440124513e-05
60,39,1.1410832405090332e-05
60,40,1.133638620376587e-05
60,41,1.1320412158966065e-05
60,42,1.1329233646392823e-05
60,43,1.136082410812378e-05
60,44,1.135164499282837e-05
60,45,1.1350691318511962e-05
60,46,1.1430323123931885e-05
60,47,1.1413097381591796e-05
60,48,1.1420965194702148e-05
60,49,1.1400282382965087e-05
60,50,1.1334598064422608e-05
61,4,1.1103153228759766e-05
61,5,1.1289000511169433e-05
61,6,1.169353723526001e-05
61,7,1.1886537075042725e-05
61,8,1.1895835399627686e-05
61,9,1.1823773384094239e-05
61,10,1.1982858180999755e-05
61,11,1.1760950088500977e-05
61,12,1.1669933795928954e-05
61,13,1.1940836906433106e-05
61,14,1.1894881725311279e-05
61,15,1.1928141117095948e-05
61,16,1.1914074420928955e-05
61,17,1.1940240859985352e-05
61,18,1.2008190155029297e-05
61,19,1.1877954006195068e-05
61,20,1.1738836765289306e-05
61,21,1.1743783950805664e-05
61,22,1.1894464492797852e-05
61,23,1.189333200454712e-05
61,24,1.1964917182922363e-05
61,25,1.1985540390014649e-05
61,26,1.1917412281036377e-05
61,27,1.200258731842041e-05
61,28,1.1949717998504639e-05
61,29,1.1991679668426514e-05
61,30,1.1915504932403564e-05
61,31,1.2063026428222655e-05
61,32,1.2007534503936768e-05
61,33,1.1922478675842286e-05
61,34,1.2028574943542481e-05
61,35,1.1974692344665527e-05
61,36,1.194518804550171e-05
61,37,1.196908950805664e-05
61,38,1.1990845203399658e-05
61,39,1.1955320835113525e-05
61,40,1.2035369873046874e-05
61,41,1.1955738067626953e-05
61,42,1.2053489685058593e-05
61,43,1.2023389339447021e-05
61,44,1.2023091316223144e-05
61,45,1.2085258960723877e-05
61,46,1.354151964187622e-05
61,47,1.348114013671875e-05
61,48,1.2069344520568848e-05
61,49,1.206594705581665e-05
61,50,1.2097954750061035e-05
62,4,1.0805904865264893e-05
62,5,1.0786890983581542e-05
62,6,1.0749459266662598e-05
62,7,1.0906398296356202e-05
62,8,1.0794401168823242e-05
62,9,1.0796904563903808e-05
62,10,1.0801196098327637e-05
62,11,1.0807812213897704e-05
62,12,1.0770857334136964e-05
62,13,1.0756909847259522e-05
62,14,1.0670006275177002e-05
62,15,1.0623037815093994e-05
62,16,1.0612607002258301e-05
62,17,1.0584831237792969e-05
62,18,1.065659523010254e-05
62,19,1.0615170001983642e-05
62,20,1.0657250881195069e-05
62,21,1.072537899017334e-05
62,22,1.0711371898651123e-05
62,23,1.0725319385528565e-05
62,24,1.0698676109313965e-05
62,25,1.0759472846984864e-05
62,26,1.0667920112609864e-05
62,27,1.0727405548095703e-05
62,28,1.070094108581543e-05
62,29,1.0657072067260742e-05
62,30,1.079314947128296e-05
62,31,1.0774433612823486e-05
62,32,1.0841608047485351e-05
62,33,1.0801851749420166e-05
62,34,1.0814845561981202e-05
62,35,1.0770916938781738e-05
62,36,1.078033447265625e-05
62,37,1.0807812213897704e-05
62,38,1.0727107524871826e-05
62,39,1.0805308818817138e-05
62,40,1.0821342468261718e-05
62,41,1.0799825191497803e-05
62,42,1.0812222957611084e-05
62,43,1.0852575302124023e-05
62,44,1.0838210582733155e-05
62,45,1.0801553726196289e-05
62,46,1.0848164558410645e-05
62,47,1.0882914066314698e-05
62,48,1.0933637619018555e-05
62,49,1.0860443115234375e-05
62,50,1.0888934135437012e-05
63,4,1.102602481842041e-05
63,5,1.1066854000091552e-05
63,6,1.1046171188354493e-05
63,7,1.1511027812957763e-05
63,8,1.1479437351226806e-05
63,9,1.14935040473938e-05
63,10,1.1552274227142334e-05
63,11,1.1589646339416504e-05
63,12,1.1468410491943359e-05
63,13,1.1505603790283204e-05
63,14,1.1555671691894532e-05
63,15,1.1467576026916504e-05
63,16,1.1526942253112792e-05
63,17,1.1514663696289062e-05
63,18,1.1543214321136475e-05
63,19,1.1529803276062011e-05
63,20,1.1560320854187011e-05
63,21,1.1483192443847657e-05
63,22,1.1503398418426514e-05
63,23,1.1518239974975586e-05
63,24,1.1506080627441406e-05
63,25,1.1513769626617432e-05
63,26,1.1505722999572753e-05
63,27,1.158696413040161e-05
63,28,1.1529743671417237e-05
63,29,1.1506080627441406e-05
63,30,1.1459767818450928e-05
63,31,1.1556923389434814e-05
63,32,1.1469125747680663e-05
63,33,1.157587766647339e-05
63,34,1.1668980121612549e-05
63,35,1.1608660221099853e-05
63,36,1.1574208736419677e-05
63,37,1.1544167995452881e-05
63,38,1.1588454246520996e-05
63,39,1.1551558971405029e-05
63,40,1.1595726013183594e-05
63,41,1.1639833450317382e-05
63,42,1.1602580547332763e-05
63,43,1.1604070663452148e-05
63,44,1.394331455230713e-05
63,45,1.1542320251464844e-05
63,46,1.1573612689971924e-05
63,47,1.1668503284454345e-05
63,48,1.1570632457733154e-05
63,49,1.1709749698638916e-05
63,50,1.1596560478210449e-05
64,4,1.1703014373779297e-05
64,5,1.1245429515838623e-05
64,6,1.1268973350524903e-05
64,7,1.1241376399993896e-05
64,8,1.1228442192077637e-05
64,9,1.121664047241211e-05
64,10,1.1213719844818115e-05
64,11,1.1263072490692138e-05
64,12,1.1178314685821533e-05
64,13,1.1196553707122803e-05
64,14,1.1269450187683105e-05
64,15,1.1268436908721924e-05
64,16,1.122373342514038e-05
64,17,1.12038254737854e-05
64,18,1.1289954185485839e-05
64,19,1.1259078979492187e-05
64,20,1.1243045330047608e-05
64,21,1.1323332786560058e-05
64,22,1.1359930038452148e-05
64,23,1.1306941509246827e-05
64,24,1.1347293853759766e-05
64,25,1.137024164199829e-05
64,26,1.1282622814178467e-05
64,27,1.1255145072937012e-05
64,28,1.1303603649139404e-05
64,29,1.1338531970977784e-05
64,30,1.1255919933319091e-05
64,31,1.141500473022461e-05
64,32,1.1473357677459718e-05
64,33,1.1404871940612794e-05
64,34,1.1342346668243409e-05
64,35,1.1302411556243896e-05
64,36,1.1266827583312989e-05
64,37,1.1302173137664795e-05
64,38,1.1387944221496582e-05
64,39,1.130831241607666e-05
64,40,1.1355459690093994e-05
64,41,1.1378228664398194e-05
64,42,1.1503279209136963e-05
64,43,1.134335994720459e-05
64,44,1.153331995010376e-05
64,45,1.1330187320709228e-05
64,46,1.1317133903503418e-05
64,47,1.1334419250488281e-05
64,48,1.1316835880279542e-05
64,49,1.1296510696411133e-05
64,50,1.1318564414978028e-05
65,4,1.0631263256072998e-05
65,5,1.0657846927642822e-05
65,6,1.0685503482818603e-05
65,7,1.0836422443389893e-05
65,8,1.0806620121002198e-05
65,9,1.0733187198638916e-05
65,10,1.081705093383789e-05
65,11,1.0720312595367432e-05
65,12,1.0804295539855957e-05
65,13,1.0855019092559814e-05
65,14,1.0720849037170411e-05
65,15,1.0787427425384522e-05
65,16,1.077258586883545e-05
65,17,1.0734736919403076e-05
65,18,1.0685741901397704e-05
65,19,1.0749876499176026e-05
65,20,1.071542501449585e-05
65,21,1.0837852954864502e-05
65,22,1.0762512683868408e-05
65,23,1.0788500308990479e-05
65,24,1.0728061199188232e-05
65,25,1.0825991630554199e-05
65,26,1.0753929615020751e-05
65,27,1.0756313800811768e-05
65,28,1.0821938514709473e-05
65,29,1.0885894298553466e-05
65,30,1.0792255401611328e-05
65,31,1.0776519775390626e-05
65,32,1.0863065719604493e-05
65,33,1.0829806327819824e-05
65,34,1.0934948921203613e-05
65,35,1.0888516902923584e-05
65,36,1.0807812213897704e-05
65,37,1.0853230953216552e-05
65,38,1.0951578617095947e-05
65,39,1.058274507522583e-05
65,40,1.089555025100708e-05
65,41,1.3587236404418945e-05
65,42,1.098024845123291e-05
65,43,1.0873496532440185e-05
65,44,1.0892271995544433e-05
65,45,1.056373119354248e-05
65,46,1.0839045047760009e-05
65,47,1.0865330696105957e-05
65,48,1.0869145393371583e-05
65,49,1.0957598686218261e-05
65,50,1.0924279689788818e-05
66,4,1.0718405246734618e-05
66,5,1.0724902153015137e-05
66,6,1.0794222354888917e-05
66,7,1.0719597339630127e-05
66,8,1.0815739631652832e-05
66,9,1.0773003101348878e-05
66,10,1.065582036972046e-05
66,11,1.059579849243164e-05
66,12,1.0554254055023193e-05
66,13,1.0674655437469483e-05
66,14,1.070159673690796e-05
66,15,1.0642409324645997e-05
66,16,1.0679244995117188e-05
66,17,1.060175895690918e-05
66,18,1.0652661323547364e-05
66,19,1.066911220550537e-05
66,20,1.0693609714508056e-05
66,21,1.0679841041564941e-05
66,22,1.066213846206665e-05
66,23,1.0617375373840332e-05
66,24,1.0690629482269288e-05
66,25,1.0743379592895508e-05
66,26,1.065582036972046e-05
66,27,1.069653034210205e-05
66,28,1.06964111328125e-05
66,29,1.0728120803833008e-05
66,30,1.0702013969421387e-05
66,31,1.071101427078247e-05
66,32,1.0697841644287109e-05
66,33,1.0728001594543456e-05
66,34,1.071906089782715e-05
66,35,1.0717213153839112e-05
66,36,1.070880889892578e-05
66,37,1.0751307010650635e-05
66,38,1.0740876197814941e-05
66,39,1.0737061500549317e-05
66,40,1.0786592960357666e-05
66,41,1.074153184890747e-05
66,42,1.076209545135498e-05
66,43,1.0721325874328613e-05
66,44,1.084589958190918e-05
66,45,1.0800778865814209e-05
66,46,1.0841786861419678e-05
66,47,1.0806739330291747e-05
66,48,1.0821104049682617e-05
66,49,1.0859966278076171e-05
66,50,1.0792315006256103e-05
67,4,1.075655221939087e-05
67,5,1.0840177536010742e-05
67,6,1.0900378227233886e-05
67,7,1.0731935501098632e-05
67,8,1.07613205909729e-05
67,9,1.0739147663116455e-05
67,10,1.0766327381134033e-05
67,11,1.0776162147521973e-05
67,12,1.0728180408477783e-05
67,13,1.0786294937133789e-05
67,14,1.081758737564087e-05
67,15,1.0777294635772704e-05
67,16,1.082688570022583e-05
67,17,1.0857939720153808e-05
67,18,1.0840058326721192e-05
67,19,1.0795176029205322e-05
67,20,1.0765016078948975e-05
67,21,1.0820627212524414e-05
67,22,1.0781705379486084e-05
67,23,1.0823369026184083e-05
67,24,1.0817408561706542e-05
67,25,1.0797619819641113e-05
67,26,1.082170009613037e-05
67,27,1.0812759399414062e-05
67,28,1.0883808135986328e-05
67,29,1.082676649093628e-05
67,30,1.0922908782958984e-05
67,31,1.0799288749694824e-05
67,32,1.0709702968597412e-05
67,33,1.0792136192321778e-05
67,34,1.0744988918304443e-05
67,35,1.0739922523498536e-05
67,36,1.0762155055999756e-05
67,37,1.0830700397491455e-05
67,38,1.0754883289337159e-05
67,39,1.0777592658996583e-05
67,40,1.0792553424835204e-05
67,41,1.0900795459747314e-05
67,42,1.087665557861328e-05
67,43,1.0774195194244385e-05
67,44,1.0857224464416504e-05
67,45,1.0795950889587403e-05
67,46,1.0836422443389893e-05
67,47,1.0891377925872803e-05
67,48,1.095294952392578e-05
67,49,1.0963797569274903e-05
67,50,1.092529296875e-05
68,4,1.0740399360656738e-05
68,5,1.0779201984405518e-05
68,6,1.0704874992370606e-05
68,7,1.0765373706817627e-05
68,8,1.0776162147521973e-05
68,9,1.0840117931365966e-05
68,10,1.0769665241241455e-05
68,11,1.0773062705993652e-05
68,12,1.072019338607788e-05
68,13,1.0778427124023437e-05
68,14,1.0770201683044433e-05
68,15,1.0744571685791016e-05
68,16,1.077204942703247e-05
68,17,1.076662540435791e-05
68,18,1.0774672031402588e-05
68,19,1.0744810104370117e-05
68,20,1.0775566101074218e-05
68,21,1.0739147663116455e-05
68,22,1.0771334171295166e-05
68,23,1.0678231716156006e-05
68,24,1.0705411434173584e-05
68,25,1.0859131813049317e-05
68,26,1.0791242122650146e-05
68,27,1.0860562324523926e-05
68,28,1.0760545730590821e-05
68,29,1.0772228240966797e-05
68,30,1.0746240615844727e-05
68,31,1.0828733444213866e-05
68,32,1.080334186553955e-05
68,33,1.0789871215820313e-05
68,34,1.077866554260254e-05
68,35,1.0730504989624023e-05
68,36,1.0773956775665284e-05
68,37,1.067042350769043e-05
68,38,1.061171293258667e-05
68,39,1.0646164417266846e-05
68,40,1.0659873485565185e-05
68,41,1.0785996913909912e-05
68,42,1.0770440101623536e-05
68,43,1.0735869407653808e-05
68,44,1.072162389755249e-05
68,45,1.068824529647827e-05
68,46,1.0796546936035156e-05
68,47,1.0801136493682861e-05
68,48,1.0884642601013184e-05
68,49,1.0911941528320313e-05
68,50,1.0942518711090088e-05
69,4,1.12379789352417e-05
69,5,1.126241683959961e-05
69,6,1.1278748512268066e-05
69,7,1.1387825012207032e-05
69,8,1.1082589626312256e-05
69,9,1.0938823223114013e-05
69,10,1.1239409446716309e-05
69,11,1.1259078979492187e-05
69,12,1.128154993057251e-05
69,13,1.1270880699157714e-05
69,14,1.122283935546875e-05
69,15,1.124483346939087e-05
69,16,1.1310875415802001e-05
69,17,1.1234939098358155e-05
69,18,1.1269211769104004e-05
69,19,1.1264562606811523e-05
69,20,1.123601198196411e-05
69,21,1.1224031448364257e-05
69,22,1.1298537254333496e-05
69,23,1.1247873306274414e-05
69,24,1.127868890762329e-05
69,25,1.123744249343872e-05
69,26,1.1351943016052247e-05
69,27,1.1240184307098389e-05
69,28,1.1083483695983886e-05
69,29,1.1197388172149658e-05
69,30,1.1246204376220704e-05
69,31,1.1283695697784424e-05
69,32,1.126343011856079e-05
69,33,1.1257827281951904e-05
69,34,1.1276006698608399e-05
69,35,1.1248111724853515e-05
69,36,1.1303186416625976e-05
69,37,1.1302351951599122e-05
69,38,1.130378246307373e-05
69,39,1.1319994926452637e-05
69,40,1.1282742023468018e-05
69,41,1.1272788047790528e-05
69,42,1.1435925960540771e-05
69,43,1.13525390625e-05
69,44,1.1414766311645508e-05
69,45,1.1370301246643066e-05
69,46,1.1385202407836914e-05
69,47,1.1506617069244385e-05
69,48,1.1426091194152832e-05
69,49,1.145493984222412e-05
69,50,1.1400401592254638e-05
70,4,1.1486530303955077e-05
70,5,1.1497914791107177e-05
70,6,1.1533856391906738e-05
70,7,1.1503219604492187e-05
70,8,1.1462926864624024e-05
70,9,1.1478126049041748e-05
70,10,1.144862174987793e-05
70,11,1.1348068714141846e-05
70,12,1.1393189430236816e-05
70,13,1.1394739151000976e-05
70,14,1.1353850364685058e-05
70,15,1.1436760425567628e-05
70,16,1.1364459991455077e-05
70,17,1.1350095272064209e-05
70,18,1.1375367641448975e-05
70,19,1.1397898197174072e-05
70,20,1.1320948600769043e-05
70,21,1.138216257095337e-05
70,22,1.1436879634857177e-05
70,23,1.1325240135192871e-05
70,24,1.1318802833557129e-05
70,25,1.1323094367980957e-05
70,26,1.1333227157592773e-05
70,27,1.13334059715271e-05
70,28,1.143413782119751e-05
70,29,1.1480212211608886e-05
70,30,1.139533519744873e-05
70,31,1.1366605758666992e-05
70,32,1.1389553546905518e-05
70,33,1.1420071125030518e-05
70,34,1.1419057846069337e-05
70,35,1.149815320968628e-05
70,36,1.1420905590057372e-05
70,37,1.1555671691894532e-05
70,38,1.1576712131500244e-05
70,39,1.155179738998413e-05
70,40,1.1581122875213623e-05
70,41,1.15739107131958e-05
70,42,1.1596381664276123e-05
70,43,1.1576235294342042e-05
70,44,1.1586904525756835e-05
70,45,1.1590838432312011e-05
70,46,1.1626780033111572e-05
70,47,1.1586010456085205e-05
70,48,1.1594533920288086e-05
70,49,1.1602163314819335e-05
70,50,1.1627376079559325e-05
71,4,1.0745108127593994e-05
71,5,1.1384904384613037e-05
71,6,1.1306345462799072e-05
71,7,1.1313021183013915e-05
71,8,1.1327385902404785e-05
71,9,1.1394143104553223e-05
71,10,1.139974594116211e-05
71,11,1.1318564414978028e-05
71,12,1.1320173740386962e-05
71,13,1.1369884014129638e-05
71,14,1.1362969875335694e-05
71,15,1.1360645294189453e-05
71,16,1.1311233043670653e-05
71,17,1.130831241607666e-05
71,18,1.1257648468017579e-05
71,19,1.1294245719909667e-05
71,20,1.1331439018249513e-05
71,21,1.1317193508148194e-05
71,22,1.1406183242797852e-05
71,23,1.1367261409759522e-05
71,24,1.1295855045318604e-05
71,25,1.1357963085174561e-05
71,26,1.1332333087921143e-05
71,27,1.1373817920684814e-05
71,28,1.1317789554595947e-05
71,29,1.1266052722930909e-05
71,30,1.1311709880828857e-05
71,31,1.1318206787109375e-05
71,32,1.126796007156372e-05
71,33,1.1259913444519043e-05
71,34,1.1410653591156005e-05
71,35,1.1349797248840332e-05
71,36,1.1409878730773925e-05
71,37,1.1452436447143554e-05
71,38,1.1503756046295166e-05
71,39,1.1413276195526123e-05
71,40,1.1495828628540039e-05
71,41,1.1475741863250733e-05
71,42,1.1515498161315918e-05
71,43,1.1453628540039062e-05
71,44,1.1506378650665282e-05
71,45,1.147991418838501e-05
71,46,1.1513113975524902e-05
71,47,1.1486828327178956e-05
71,48,1.1506259441375733e-05
71,49,1.1571645736694335e-05
71,50,1.1537671089172363e-05
72,4,1.1395573616027832e-05
72,5,1.1395394802093505e-05
72,6,1.1364519596099853e-05
72,7,1.1373698711395263e-05
72,8,1.146906614303589e-05
72,9,1.1413753032684327e-05
72,10,1.1449992656707763e-05
72,11,1.1454284191131591e-05
72,12,1.1441051959991456e-05
72,13,1.1439502239227295e-05
72,14,1.1456787586212158e-05
72,15,1.1389434337615967e-05
72,16,1.1422157287597657e-05
72,17,1.1462390422821044e-05
72,18,1.1448144912719727e-05
72,19,1.1382997035980224e-05
72,20,1.146775484085083e-05
72,21,1.1418461799621582e-05
72,22,1.1439919471740723e-05
72,23,1.1406660079956056e-05
72,24,1.1399507522583008e-05
72,25,1.1462032794952392e-05
72,26,1.1445879936218262e-05
72,27,1.146024465560913e-05
72,28,1.1456489562988281e-05
72,29,1.1469781398773194e-05
72,30,1.1487603187561035e-05
72,31,1.1493802070617676e-05
72,32,1.147627830505371e-05
72,33,1.1474311351776123e-05
72,34,1.1739015579223633e-05
72,35,1.1451959609985352e-05
72,36,1.1451661586761475e-05
72,37,1.1505126953125e-05
72,38,1.147007942199707e-05
72,39,1.1443734169006348e-05
72,40,1.147615909576416e-05
72,41,1.1478841304779053e-05
72,42,1.1472463607788086e-05
72,43,1.1483848094940186e-05
72,44,1.1505365371704101e-05
72,45,1.1497437953948975e-05
72,46,1.1524856090545654e-05
72,47,1.1626124382019043e-05
72,48,1.1582136154174805e-05
72,49,1.1591970920562744e-05
72,50,1.155388355255127e-05
73,4,1.1835277080535888e-05
73,5,1.2331008911132812e-05
73,6,1.2338697910308837e-05
73,7,1.2348473072052002e-05
73,8,1.2302935123443603e-05
73,9,1.2544691562652588e-05
73,10,1.2293279170989991e-05
73,11,1.2344896793365478e-05
73,12,1.2311577796936035e-05
73,13,1.2364745140075683e-05
73,14,1.2411832809448242e-05
73,15,1.234138011932373e-05
73,16,1.2316048145294189e-05
73,17,1.2414097785949707e-05
73,18,1.234757900238037e-05
73,19,1.2373924255371093e-05
73,20,1.2452900409698487e-05
73,21,1.222825050354004e-05
73,22,1.2176454067230225e-05
73,23,1.2218117713928222e-05
73,24,1.2151002883911134e-05
73,25,1.2331664562225341e-05
73,26,1.2282252311706544e-05
73,27,1.2281894683837891e-05
73,28,1.2274503707885741e-05
73,29,1.2397944927215575e-05
73,30,1.2336671352386474e-05
73,31,1.2399792671203613e-05
73,32,1.2349843978881836e-05
73,33,1.2365400791168213e-05
73,34,1.2335538864135742e-05
73,35,1.2384772300720215e-05
73,36,1.2303352355957031e-05
73,37,1.241147518157959e-05
73,38,1.248013973236084e-05
73,39,1.2452423572540283e-05
73,40,1.2439548969268798e-05
73,41,1.2439727783203125e-05
73,42,1.2510240077972412e-05
73,43,1.2443065643310546e-05
73,44,1.2469828128814697e-05
73,45,1.2470722198486328e-05
73,46,1.2372434139251708e-05
73,47,1.2500107288360596e-05
73,48,1.2499630451202393e-05
73,49,1.2487709522247314e-05
73,50,1.2475430965423584e-05
74,4,1.1278927326202393e-05
74,5,1.1395633220672608e-05
74,6,1.1325061321258544e-05
74,7,1.1259198188781738e-05
74,8,1.1330068111419677e-05
74,9,1.1144876480102538e-05
74,10,1.1338472366333008e-05
74,11,1.1269450187683105e-05
74,12,1.1246860027313233e-05
74,13,1.1274635791778565e-05
74,14,1.1184811592102051e-05
74,15,1.1218369007110595e-05
74,16,1.1233031749725342e-05
74,17,1.1201977729797363e-05
74,18,1.1142730712890624e-05
74,19,1.134788990020752e-05
74,20,1.1142909526824951e-05
74,21,1.1137545108795166e-05
74,22,1.1320531368255615e-05
74,23,1.1308789253234863e-05
74,24,1.1341452598571777e-05
74,25,1.1307954788208008e-05
74,26,1.1327087879180909e-05
74,27,1.1229455471038818e-05
74,28,1.1200904846191406e-05
74,29,1.11924409866333e-05
74,30,1.1281192302703857e-05
74,31,1.1276364326477051e-05
74,32,1.1265099048614503e-05
74,33,1.129460334777832e-05
74,34,1.1363029479980468e-05
74,35,1.1353194713592529e-05
74,36,1.1228382587432861e-05
74,37,1.1493563652038575e-05
74,38,1.1309266090393066e-05
74,39,1.1342346668243409e-05
74,40,1.129293441772461e-05
74,41,1.1396706104278565e-05
74,42,1.1213481426239014e-05
74,43,1.1363625526428223e-05
74,44,1.1461615562438966e-05
74,45,1.1368930339813233e-05
74,46,1.1435985565185547e-05
74,47,1.139003038406372e-05
74,48,1.1432111263275147e-05
74,49,1.139158010482788e-05
74,50,1.1381924152374267e-05
75,4,1.0604143142700195e-05
75,5,1.0531008243560792e-05
75,6,1.070350408554077e-05
75,7,1.1279523372650147e-05
75,8,1.0538995265960693e-05
75,9,1.050812005996704e-05
75,10,1.0550200939178466e-05
75,11,1.0563015937805175e-05
75,12,1.0426998138427735e-05
75,13,1.0519325733184815e-05
75,14,1.1218607425689698e-05
75,15,1.103121042251587e-05
75,16,1.1181473731994629e-05
75,17,1.1209189891815185e-05
75,18,1.120305061340332e-05
75,19,1.1126995086669922e-05
75,20,1.117408275604248e-05
75,21,1.1152863502502442e-05
75,22,1.1166632175445557e-05
75,23,1.1180460453033447e-05
75,24,1.2029707431793212e-05
75,25,1.1183083057403565e-05
75,26,1.1213481426239014e-05
75,27,1.1252999305725098e-05
75,28,1.127403974533081e-05
75,29,1.1256158351898194e-05
75,30,1.1277079582214356e-05
75,31,1.1285006999969482e-05
75,32,1.1319994926452637e-05
75,33,1.12571120262146e-05
75,34,1.1337637901306152e-05
75,35,1.1252284049987794e-05
75,36,1.13639235496521e-05
75,37,1.12573504447937e-05
75,38,1.1181414127349853e-05
75,39,1.1221706867218018e-05
75,40,1.131230592727661e-05
75,41,1.127767562866211e-05
75,42,1.1236906051635742e-05
75,43,1.1383473873138428e-05
75,44,1.1354565620422363e-05
75,45,1.1384129524230957e-05
75,46,1.133197546005249e-05
75,47,1.1289238929748534e-05
75,48,1.141411066055298e-05
75,49,1.1381149291992187e-05
75,50,1.13564133644104e-05
76,4,1.137840747833252e-05
76,5,1.1388003826141357e-05
76,6,1.1400341987609863e-05
76,7,1.13639235496521e-05
76,8,1.141887903213501e-05
76,9,1.126563549041748e-05
76,10,1.1425375938415528e-05
76,11,1.136225461959839e-05
76,12,1.1405527591705323e-05
76,13,1.141500473022461e-05
76,14,1.1374056339263915e-05
76,15,1.1370718479156494e-05
76,16,1.1333227157592773e-05
76,17,1.135408878326416e-05
76,18,1.1297821998596191e-05
76,19,1.1423945426940918e-05
76,20,1.1365294456481933e-05
76,21,1.1400163173675537e-05
76,22,1.1437654495239258e-05
76,23,1.1392116546630859e-05
76,24,1.15203857421875e-05
76,25,1.142054796218872e-05
76,26,1.1381030082702637e-05
76,27,1.1361241340637208e-05
76,28,1.1437892913818359e-05
76,29,1.15014910697937e-05
76,30,1.1473774909973144e-05
76,31,1.1458635330200195e-05
76,32,1.1382460594177247e-05
76,33,1.1491775512695313e-05
76,34,1.152658462524414e-05
76,35,1.1508882045745849e-05
76,36,1.1497557163238525e-05
76,37,1.151895523071289e-05
76,38,1.1570394039154053e-05
76,39,1.1591613292694091e-05
76,40,1.1603772640228272e-05
76,41,1.1455893516540528e-05
76,42,1.1453866958618163e-05
76,43,1.1539936065673828e-05
76,44,1.1537134647369385e-05
76,45,1.1564016342163086e-05
76,46,1.1560976505279542e-05
76,47,1.152503490447998e-05
76,48,1.157236099243164e-05
76,49,1.1585354804992676e-05
76,50,1.1590063571929932e-05
77,4,1.1160194873809814e-05
77,5,1.1127471923828124e-05
77,6,1.1025846004486084e-05
77,7,1.1231958866119385e-05
77,8,1.1214375495910644e-05
77,9,1.109689474105835e-05
77,10,1.1190950870513915e-05
77,11,1.1216104030609132e-05
77,12,1.1151432991027832e-05
77,13,1.119542121887207e-05
77,14,1.1130213737487793e-05
77,15,1.1056363582611084e-05
77,16,1.1210858821868896e-05
77,17,1.1050939559936523e-05
77,18,1.1059641838073731e-05
77,19,1.1235654354095458e-05
77,20,1.1168599128723144e-05
77,21,1.1189579963684081e-05
77,22,1.1153995990753174e-05
77,23,1.1108636856079102e-05
77,24,1.1072933673858642e-05
77,25,1.1184811592102051e-05
77,26,1.1148571968078613e-05
77,27,1.1147081851959228e-05
77,28,1.1142194271087647e-05
77,29,1.1047959327697755e-05
77,30,1.1041820049285889e-05
77,31,1.1126041412353515e-05
77,32,1.1121392250061036e-05
77,33,1.113206148147583e-05
77,34,1.1136829853057861e-05
77,35,1.1099636554718018e-05
77,36,1.1157035827636719e-05
77,37,1.1197924613952637e-05
77,38,1.1161744594573975e-05
77,39,1.1154830455780029e-05
77,40,1.1158645153045655e-05
77,41,1.1190891265869141e-05
77,42,1.1165678501129151e-05
77,43,1.1376678943634033e-05
77,44,1.1297106742858886e-05
77,45,1.1216461658477784e-05
77,46,1.1235594749450684e-05
77,47,1.1249542236328124e-05
77,48,1.1346518993377686e-05
77,49,1.1270403861999512e-05
77,50,1.128154993057251e-05
78,4,1.0793209075927735e-05
78,5,1.0853290557861328e-05
78,6,1.0790050029754638e-05
78,7,1.092219352722168e-05
78,8,1.0707378387451171e-05
78,9,1.0741174221038818e-05
78,10,1.0712623596191407e-05
78,11,1.0674715042114259e-05
78,12,1.0702669620513916e-05
78,13,1.0682463645935059e-05
78,14,1.0749161243438721e-05
78,15,1.0762214660644531e-05
78,16,1.0815441608428955e-05
78,17,1.0697305202484131e-05
78,18,1.0708749294281007e-05
78,19,1.080399751663208e-05
78,20,1.0755419731140137e-05
78,21,1.071786880493164e-05
78,22,1.0769963264465332e-05
78,23,1.0830402374267579e-05
78,24,1.075655221939087e-05
78,25,1.0810315608978271e-05
78,26,1.0759830474853516e-05
78,27,1.0816574096679688e-05
78,28,1.0847747325897217e-05
78,29,1.0869264602661132e-05
78,30,1.0810554027557374e-05
78,31,1.0914981365203857e-05
78,32,1.0900557041168213e-05
78,33,1.0816633701324464e-05
78,34,1.098877191543579e-05
78,35,1.0818183422088623e-05
78,36,1.0891497135162354e-05
78,37,1.0871529579162598e-05
78,38,1.0899364948272704e-05
78,39,1.0777533054351807e-05
78,40,1.0994315147399903e-05
78,41,1.0935425758361817e-05
78,42,1.0900914669036865e-05
78,43,1.0876774787902832e-05
78,44,1.0959625244140626e-05
78,45,1.0932981967926026e-05
78,46,1.0933101177215576e-05
78,47,1.092463731765747e-05
78,48,1.091843843460083e-05
78,49,1.096045970916748e-05
78,50,1.0996699333190918e-05
79,4,1.1479198932647705e-05
79,5,1.239866018295288e-05
79,6,1.2090027332305908e-05
79,7,1.230454444885254e-05
79,8,1.2137174606323241e-05
79,9,1.21002197265625e-05
79,10,1.218569278717041e-05
79,11,1.212078332901001e-05
79,12,1.2083888053894043e-05
79,13,1.2087881565093993e-05
79,14,1.2118995189666748e-05
79,15,1.2169182300567626e-05
79,16,1.216059923171997e-05
79,17,1.2881696224212646e-05
79,18,1.211625337600708e-05
79,19,1.2133240699768067e-05
79,20,1.2327730655670165e-05
79,21,1.2114405632019044e-05
79,22,1.2208163738250732e-05
79,23,1.2144565582275391e-05
79,24,1.2175977230072021e-05
79,25,1.2122750282287597e-05
79,26,1.2089431285858154e-05
79,27,1.2083351612091064e-05
79,28,1.2208640575408935e-05
79,29,1.2204825878143311e-05
79,30,1.217961311340332e-05
79,31,1.221001148223877e-05
79,32,1.2167751789093017e-05
79,33,1.2175261974334717e-05
79,34,1.231306791305542e-05
79,35,1.2231647968292236e-05
79,36,1.2276113033294678e-05
79,37,1.2255012989044189e-05
79,38,1.2279689311981201e-05
79,39,1.2270331382751465e-05
79,40,1.2351393699645997e-05
79,41,1.223289966583252e-05
79,42,1.2190401554107665e-05
79,43,1.2356996536254883e-05
79,44,1.2246787548065186e-05
79,45,1.2159585952758789e-05
79,46,1.2319505214691163e-05
79,47,1.2275040149688721e-05
79,48,1.2221932411193848e-05
79,49,1.2296915054321289e-05
79,50,1.226431131362915e-05
80,4,1.1061370372772217e-05
80,5,1.0923266410827637e-05
80,6,1.0858654975891113e-05
80,7,1.1055350303649903e-05
80,8,1.1067211627960205e-05
80,9,1.1167168617248536e-05
80,10,1.1131048202514648e-05
80,11,1.1076807975769043e-05
80,12,1.1488914489746094e-05
80,13,1.1464118957519532e-05
80,14,1.1048614978790284e-05
80,15,1.1018872261047364e-05
80,16,1.1069655418395995e-05
80,17,1.1108219623565674e-05
80,18,1.1105418205261231e-05
80,19,1.128917932510376e-05
80,20,1.1096835136413575e-05
80,21,1.115185022354126e-05
80,22,1.1175572872161866e-05
80,23,1.115936040878296e-05
80,24,1.1140525341033936e-05
80,25,1.1230766773223876e-05
80,26,1.1230289936065674e-05
80,27,1.1110007762908936e-05
80,28,1.1287569999694824e-05
80,29,1.1160075664520264e-05
80,30,1.1160552501678466e-05
80,31,1.1041224002838136e-05
80,32,1.1067867279052734e-05
80,33,1.1016786098480224e-05
80,34,1.110994815826416e-05
80,35,1.1100172996520995e-05
80,36,1.1153340339660645e-05
80,37,1.1165142059326171e-05
80,38,1.116257905960083e-05
80,39,1.1071562767028809e-05
80,40,1.1260628700256347e-05
80,41,1.1255562305450439e-05
80,42,1.122075319290161e-05
80,43,1.1246383190155029e-05
80,44,1.1478424072265625e-05
80,45,1.1242866516113281e-05
80,46,1.1275708675384522e-05
80,47,1.1260747909545899e-05
80,48,1.1230230331420899e-05
80,49,1.1318981647491456e-05
80,50,1.1301755905151367e-05
81,4,1.1039614677429199e-05
81,5,1.0863482952117919e-05
81,6,1.0847270488739013e-05
81,7,1.0662257671356202e-05
81,8,1.068180799484253e-05
81,9,1.0682642459869384e-05
81,10,1.070249080657959e-05
81,11,1.0791480541229247e-05
81,12,1.089775562286377e-05
81,13,1.0700464248657227e-05
81,14,1.0895073413848876e-05
81,15,1.0755181312561036e-05
81,16,1.0646998882293702e-05
81,17,1.0500550270080566e-05
81,18,1.0405540466308593e-05
81,19,1.0650277137756347e-05
81,20,1.0530710220336913e-05
81,21,1.0596871376037598e-05
81,22,1.057976484298706e-05
81,23,1.0584652423858642e-05
81,24,1.0593235492706298e-05
81,25,1.063913106918335e-05
81,26,1.0625839233398437e-05
81,27,1.0676980018615722e-05
81,28,1.0607242584228516e-05
81,29,1.0625243186950684e-05
81,30,1.0662198066711426e-05
81,31,1.0643959045410156e-05
81,32,1.0607361793518066e-05
81,33,1.0705649852752685e-05
81,34,1.0760784149169922e-05
81,35,1.0645449161529541e-05
81,36,1.070326566696167e-05
81,37,1.067209243774414e-05
81,38,1.0679006576538085e-05
81,39,1.0751783847808837e-05
81,40,1.0763049125671387e-05
81,41,1.0676860809326171e-05
81,42,1.074838638305664e-05
81,43,1.0746657848358155e-05
81,44,1.067209243774414e-05
81,45,1.0794639587402345e-05
81,46,1.0811328887939452e-05
81,47,1.0855376720428466e-05
81,48,1.0852694511413574e-05
81,49,1.0981082916259766e-05
81,50,1.0816395282745361e-05
82,4,1.0709047317504883e-05
82,5,1.0794579982757569e-05
82,6,1.0637819766998292e-05
82,7,1.0823071002960204e-05
82,8,1.069110631942749e-05
82,9,1.0634958744049073e-05
82,10,1.0652661323547364e-05
82,11,1.0712981224060059e-05
82,12,1.1021792888641357e-05
82,13,1.052480936050415e-05
82,14,1.0362505912780763e-05
82,15,1.0356307029724121e-05
82,16,1.0404050350189208e-05
82,17,1.0432302951812744e-05
82,18,1.0430276393890382e-05
82,19,1.049494743347168e-05
82,20,1.0461926460266113e-05
82,21,1.0479211807250977e-05
82,22,1.0534167289733887e-05
82,23,1.0567426681518555e-05
82,24,1.0571062564849854e-05
82,25,1.0650396347045898e-05
82,26,1.049494743347168e-05
82,27,1.0506749153137207e-05
82,28,1.0582387447357178e-05
82,29,1.0560810565948487e-05
82,30,1.0555028915405274e-05
82,31,1.0583221912384032e-05
82,32,1.0601818561553955e-05
82,33,1.060718297958374e-05
82,34,1.0587394237518311e-05
82,35,1.0632693767547607e-05
82,36,1.0591328144073487e-05
82,37,1.0734915733337403e-05
82,38,1.0623514652252198e-05
82,39,1.052325963973999e-05
82,40,1.0540962219238282e-05
82,41,1.0519623756408692e-05
82,42,1.0558903217315674e-05
82,43,1.058816909790039e-05
82,44,1.0648071765899659e-05
82,45,1.0581910610198974e-05
82,46,1.0652542114257812e-05
82,47,1.061481237411499e-05
82,48,1.0745286941528321e-05
82,49,1.0580718517303466e-05
82,50,1.0623395442962646e-05
83,4,1.0590732097625732e-05
83,5,1.0751008987426759e-05
83,6,1.0728538036346436e-05
83,7,1.0521292686462402e-05
83,8,1.0427296161651611e-05
83,9,1.0515570640563965e-05
83,10,1.052016019821167e-05
83,11,1.0502338409423827e-05
83,12,1.0562241077423096e-05
83,13,1.1005818843841552e-05
83,14,1.0624349117279054e-05
83,15,1.0464847087860107e-05
83,16,1.0538160800933837e-05
83,17,1.0418176651000977e-05
83,18,1.0434269905090332e-05
83,19,1.0475397109985351e-05
83,20,1.0449349880218506e-05
83,21,1.0430216789245606e-05
83,22,1.045691967010498e-05
83,23,1.042771339416504e-05
83,24,1.046454906463623e-05
83,25,1.0532915592193603e-05
83,26,1.0527670383453369e-05
83,27,1.0550618171691894e-05
83,28,1.0600149631500245e-05
83,29,1.0627269744873046e-05
83,30,1.0802268981933594e-05
83,31,1.0585725307464599e-05
83,32,1.0506510734558106e-05
83,33,1.0588645935058594e-05
83,34,1.0674238204956055e-05
83,35,1.0684430599212646e-05
83,36,1.062721014022827e-05
83,37,1.0654926300048828e-05
83,38,1.0623574256896973e-05
83,39,1.0543584823608398e-05
83,40,1.059865951538086e-05
83,41,1.0501503944396973e-05
83,42,1.0542035102844239e-05
83,43,1.0515928268432617e-05
83,44,1.0600090026855469e-05
83,45,1.055753231048584e-05
83,46,1.0585188865661621e-05
83,47,1.0571837425231934e-05
83,48,1.0572969913482665e-05
83,49,1.0595619678497314e-05
83,50,1.0616838932037354e-05
84,4,1.0541677474975587e-05
84,5,1.1486351490020752e-05
84,6,1.1246562004089356e-05
84,7,1.1450707912445068e-05
84,8,1.1267781257629395e-05
84,9,1.1228859424591065e-05
84,10,1.1249661445617676e-05
84,11,1.1213660240173339e-05
84,12,1.126343011856079e-05
84,13,1.1587679386138916e-05
84,14,1.1699438095092773e-05
84,15,1.1437654495239258e-05
84,16,1.141655445098877e-05
84,17,1.136857271194458e-05
84,18,1.1382997035980224e-05
84,19,1.1447012424468995e-05
84,20,1.1451363563537598e-05
84,21,1.1443495750427247e-05
84,22,1.1468946933746338e-05
84,23,1.1450409889221191e-05
84,24,1.139974594116211e-05
84,25,1.144266128540039e-05
84,26,1.1380016803741456e-05
84,27,1.137024164199829e-05
84,28,1.141810417175293e-05
84,29,1.1416077613830566e-05
84,30,1.141268014907837e-05
84,31,1.1522650718688966e-05
84,32,1.142042875289917e-05
84,33,1.14973783493042e-05
84,34,1.1450648307800294e-05
84,35,1.1311233043670653e-05
84,36,1.1304259300231933e-05
84,37,1.1412322521209718e-05
84,38,1.1465907096862794e-05
84,39,1.1404454708099366e-05
84,40,1.1505305767059325e-05
84,41,1.1533260345458985e-05
84,42,1.1463403701782227e-05
84,43,1.1461615562438966e-05
84,44,1.1607706546783448e-05
84,45,1.1550784111022949e-05
84,46,1.1631906032562256e-05
84,47,1.1543571949005128e-05
84,48,1.1296451091766357e-05
84,49,1.1721611022949219e-05
84,50,1.15736722946167e-05
85,4,1.14365816116333e-05
85,5,1.1353909969329834e-05
85,6,1.12532377243042e-05
85,7,1.1446654796600342e-05
85,8,1.1214077472686767e-05
85,9,1.1327207088470458e-05
85,10,1.1321485042572022e-05
85,11,1.1507391929626466e-05
85,12,1.152348518371582e-05
85,13,1.1266112327575684e-05
85,14,1.1203467845916748e-05
85,15,1.119929552078247e-05
85,16,1.1197090148925781e-05
85,17,1.1026144027709961e-05
85,18,1.1053562164306641e-05
85,19,1.1102557182312012e-05
85,20,1.104724407196045e-05
85,21,1.1069715023040771e-05
85,22,1.1166274547576904e-05
85,23,1.1047303676605224e-05
85,24,1.1062562465667724e-05
85,25,1.111602783203125e-05
85,26,1.1058449745178223e-05
85,27,1.1119604110717774e-05
85,28,1.1138617992401123e-05
85,29,1.1147677898406982e-05
85,30,1.1421680450439453e-05
85,31,1.1300086975097656e-05
85,32,1.1234581470489503e-05
85,33,1.1319637298583985e-05
85,34,1.1265695095062256e-05
85,35,1.1265039443969727e-05
85,36,1.1257290840148927e-05
85,37,1.135331392288208e-05
85,38,1.1313974857330323e-05
85,39,1.1298239231109619e-05
85,40,1.1329293251037598e-05
85,41,1.1383235454559327e-05
85,42,1.134723424911499e-05
85,43,1.1424779891967773e-05
85,44,1.140749454498291e-05
85,45,1.1378467082977295e-05
85,46,1.1371552944183349e-05
85,47,1.133650541305542e-05
85,48,1.1358380317687989e-05
85,49,1.146012544631958e-05
85,50,1.1394500732421875e-05
86,4,1.14213228225708e-05
86,5,1.1382937431335449e-05
86,6,1.12573504447937e-05
86,7,1.1286437511444091e-05
86,8,1.1312246322631837e-05
86,9,1.1372089385986328e-05
86,10,1.1381983757019043e-05
86,11,1.1219978332519532e-05
86,12,1.17645263671875e-05
86,13,1.1929571628570557e-05
86,14,1.1929333209991455e-05
86,15,1.199817657470703e-05
86,16,1.2063205242156982e-05
86,17,1.193392276763916e-05
86,18,1.1881589889526367e-05
86,19,1.1939048767089844e-05
86,20,1.1922836303710938e-05
86,21,1.1937081813812255e-05
86,22,1.2015461921691895e-05
86,23,1.1941254138946534e-05
86,24,1.1979281902313233e-05
86,25,1.2013018131256103e-05
86,26,1.197516918182373e-05
86,27,1.2037813663482667e-05
86,28,1.2016952037811279e-05
86,29,1.199430227279663e-05
86,30,1.1950671672821045e-05
86,31,1.2079477310180664e-05
86,32,1.2043118476867676e-05
86,33,1.2000441551208496e-05
86,34,1.2037217617034912e-05
86,35,1.2050092220306397e-05
86,36,1.2012898921966553e-05
86,37,1.2321293354034425e-05
86,38,1.2082576751708984e-05
86,39,1.2042224407196045e-05
86,40,1.2062788009643554e-05
86,41,1.2054800987243653e-05
86,42,1.2170672416687012e-05
86,43,1.2126505374908448e-05
86,44,1.2191712856292725e-05
86,45,1.2157678604125977e-05
86,46,1.2188494205474854e-05
86,47,1.210010051727295e-05
86,48,1.2111306190490722e-05
86,49,1.218801736831665e-05
86,50,1.2190520763397217e-05
87,4,1.1330187320709228e-05
87,5,1.1238634586334228e-05
87,6,1.1202871799468994e-05
87,7,1.1237263679504395e-05
87,8,1.1165976524353028e-05
87,9,1.1195242404937743e-05
87,10,1.1269330978393555e-05
87,11,1.1383950710296632e-05
87,12,1.149827241897583e-05
87,13,1.1407732963562011e-05
87,14,1.1490881443023681e-05
87,15,1.1394023895263672e-05
87,16,1.1482477188110352e-05
87,17,1.1468350887298585e-05
87,18,1.139223575592041e-05
87,19,1.1357367038726806e-05
87,20,1.1416792869567871e-05
87,21,1.1421918869018554e-05
87,22,1.1434435844421386e-05
87,23,1.1390984058380127e-05
87,24,1.1386573314666748e-05
87,25,1.1502265930175781e-05
87,26,1.1405646800994872e-05
87,27,1.1413693428039551e-05
87,28,1.138448715209961e-05
87,29,1.1422455310821533e-05
87,30,1.1445164680480957e-05
87,31,1.1456608772277833e-05
87,32,1.1452555656433105e-05
87,33,1.14249587059021e-05
87,34,1.151883602142334e-05
87,35,1.1477172374725342e-05
87,36,1.1439859867095947e-05
87,37,1.1572539806365967e-05
87,38,1.1514186859130859e-05
87,39,1.1468231678009033e-05
87,40,1.1493980884552001e-05
87,41,1.147216558456421e-05
87,42,1.1534512042999267e-05
87,43,1.150292158126831e-05
87,44,1.159524917602539e-05
87,45,1.1575102806091309e-05
87,46,1.1587917804718018e-05
87,47,1.1548101902008057e-05
87,48,1.1565804481506348e-05
87,49,1.1610150337219238e-05
87,50,1.1601269245147705e-05
88,4,1.0702848434448242e-05
88,5,1.0657966136932373e-05
88,6,1.0769963264465332e-05
88,7,1.0702967643737793e-05
88,8,1.0703861713409423e-05
88,9,1.0724902153015137e-05
88,10,1.0689079761505127e-05
88,11,1.0698020458221436e-05
88,12,1.068633794784546e-05
88,13,1.1028409004211426e-05
88,14,1.0848402976989746e-05
88,15,1.0747015476226807e-05
88,16,1.080244779586792e-05
88,17,1.0781049728393555e-05
88,18,1.0795116424560547e-05
88,19,1.0752797126770019e-05
88,20,1.074451208114624e-05
88,21,1.062464714050293e-05
88,22,1.0699212551116943e-05
88,23,1.0663509368896484e-05
88,24,1.069718599319458e-05
88,25,1.0701119899749756e-05
88,26,1.064467430114746e-05
88,27,1.0680913925170898e-05
88,28,1.0731637477874756e-05
88,29,1.0704100131988526e-05
88,30,1.0793447494506836e-05
88,31,1.070624589920044e-05
88,32,1.0680437088012695e-05
88,33,1.073402166366577e-05
88,34,1.0717332363128661e-05
88,35,1.0922908782958984e-05
88,36,1.0772228240966797e-05
88,37,1.0809361934661865e-05
88,38,1.0774672031402588e-05
88,39,1.0719776153564454e-05
88,40,1.0783553123474121e-05
88,41,1.0773837566375732e-05
88,42,1.0736703872680664e-05
88,43,1.0808169841766357e-05
88,44,1.0809004306793213e-05
88,45,1.091831922531128e-05
88,46,1.0926246643066407e-05
88,47,1.068115234375e-05
88,48,1.0665714740753174e-05
88,49,1.0773777961730956e-05
88,50,1.0783731937408447e-05
89,4,1.0941803455352784e-05
89,5,1.0819554328918457e-05
89,6,1.0782837867736817e-05
89,7,1.089245080947876e-05
89,8,1.0854363441467285e-05
89,9,1.084524393081665e-05
89,10,1.0877549648284912e-05
89,11,1.0909020900726318e-05
89,12,1.0895967483520508e-05
89,13,1.0830104351043702e-05
89,14,1.0896861553192138e-05
89,15,1.0956346988677979e-05
89,16,1.0881185531616212e-05
89,17,1.0847508907318116e-05
89,18,1.0842621326446533e-05
89,19,1.1064112186431885e-05
89,20,1.0936856269836426e-05
89,21,1.0940074920654298e-05
89,22,1.0953783988952637e-05
89,23,1.0979175567626952e-05
89,24,1.0878264904022217e-05
89,25,1.0947287082672119e-05
89,26,1.0900378227233886e-05
89,27,1.0873019695281983e-05
89,28,1.0878801345825195e-05
89,29,1.0904312133789062e-05
89,30,1.0934114456176757e-05
89,31,1.0971128940582275e-05
89,32,1.0960161685943604e-05
89,33,1.1678934097290039e-05
89,34,1.1040449142456055e-05
89,35,1.1037588119506836e-05
89,36,1.097404956817627e-05
89,37,1.1060237884521485e-05
89,38,1.0858356952667236e-05
89,39,1.074284315109253e-05
89,40,1.0997474193572998e-05
89,41,1.1091232299804688e-05
89,42,1.0988235473632813e-05
89,43,1.1066973209381104e-05
89,44,1.1108934879302979e-05
89,45,1.1080443859100342e-05
89,46,1.1103570461273194e-05
89,47,1.0933995246887207e-05
89,48,1.078343391418457e-05
89,49,1.1255919933319091e-05
89,50,1.0942399501800537e-05
90,4,1.1051058769226075e-05
90,5,1.0956883430480957e-05
90,6,1.0828852653503418e-05
90,7,1.1033773422241212e-05
90,8,1.1036634445190429e-05
90,9,1.0999798774719238e-05
90,10,1.1017322540283203e-05
90,11,1.1375486850738525e-05
90,12,1.1058032512664795e-05
90,13,1.1121749877929688e-05
90,14,1.1048436164855957e-05
90,15,1.1027693748474122e-05
90,16,1.1067211627960205e-05
90,17,1.1141061782836914e-05
90,18,1.1042714118957519e-05
90,19,1.1102914810180665e-05
90,20,1.1024296283721923e-05
90,21,1.1090755462646485e-05
90,22,1.1061608791351318e-05
90,23,1.106947660446167e-05
90,24,1.103198528289795e-05
90,25,1.1104106903076171e-05
90,26,1.107114553451538e-05
90,27,1.1036574840545655e-05
90,28,1.1054873466491699e-05
90,29,1.1153876781463623e-05
90,30,1.1074304580688476e-05
90,31,1.104205846786499e-05
90,32,1.109999418258667e-05
90,33,1.1083722114562989e-05
90,34,1.1125564575195313e-05
90,35,1.1084377765655518e-05
90,36,1.1111199855804443e-05
90,37,1.1198043823242188e-05
90,38,1.0939419269561767e-05
90,39,1.0870933532714843e-05
90,40,1.1094272136688232e-05
90,41,1.1089444160461426e-05
90,42,1.1218905448913575e-05
90,43,1.1023283004760742e-05
90,44,1.0994374752044678e-05
90,45,1.1210620403289795e-05
90,46,1.1277139186859132e-05
90,47,1.1527478694915772e-05
90,48,1.0824203491210937e-05
90,49,1.1197924613952637e-05
90,50,1.1215507984161376e-05
91,4,1.1667132377624511e-05
91,5,1.1866986751556396e-05
91,6,1.1848807334899902e-05
91,7,1.200956106185913e-05
91,8,1.1560499668121338e-05
91,9,1.1608123779296876e-05
91,10,1.1870741844177245e-05
91,11,1.1889040470123291e-05
91,12,1.1865139007568359e-05
91,13,1.188582181930542e-05
91,14,1.1921465396881103e-05
91,15,1.180344820022583e-05
91,16,1.1889636516571045e-05
91,17,1.1810779571533202e-05
91,18,1.1850714683532715e-05
91,19,1.1865675449371338e-05
91,20,1.1875748634338378e-05
91,21,1.1807620525360107e-05
91,22,1.1905014514923096e-05
91,23,1.2013316154479981e-05
91,24,1.1945605278015136e-05
91,25,1.1963188648223877e-05
91,26,1.1974155902862549e-05
91,27,1.1876046657562257e-05
91,28,1.240074634552002e-05
91,29,1.1929214000701905e-05
91,30,1.1890769004821777e-05
91,31,1.207953691482544e-05
91,32,1.2016415596008301e-05
91,33,1.1861324310302734e-05
91,34,1.196962594985962e-05
91,35,1.2048542499542236e-05
91,36,1.2048244476318359e-05
91,37,1.228564977645874e-05
91,38,1.221168041229248e-05
91,39,1.205587387084961e-05
91,40,1.1984825134277344e-05
91,41,1.2010335922241211e-05
91,42,1.1793255805969239e-05
91,43,1.1968016624450683e-05
91,44,1.1635541915893554e-05
91,45,1.1750400066375733e-05
91,46,1.1951446533203125e-05
91,47,1.1931717395782471e-05
91,48,1.1945784091949463e-05
91,49,1.203387975692749e-05
91,50,1.2192070484161377e-05
92,4,1.1227428913116456e-05
92,5,1.0972201824188232e-05
92,6,1.0934114456176757e-05
92,7,1.1102437973022461e-05
92,8,1.1110365390777589e-05
92,9,1.1177003383636475e-05
92,10,1.1121928691864014e-05
92,11,1.176828145980835e-05
92,12,1.1823475360870362e-05
92,13,1.184844970703125e-05
92,14,1.1841118335723877e-05
92,15,1.1873126029968262e-05
92,16,1.1855721473693848e-05
92,17,1.1870205402374268e-05
92,18,1.1884450912475586e-05
92,19,1.1857926845550538e-05
92,20,1.1814296245574952e-05
92,21,1.1827170848846435e-05
92,22,1.1915683746337891e-05
92,23,1.1923253536224364e-05
92,24,1.1856138706207276e-05
92,25,1.1961221694946288e-05
92,26,1.189863681793213e-05
92,27,1.1881709098815919e-05
92,28,1.2116014957427978e-05
92,29,1.1948883533477783e-05
92,30,1.1958718299865722e-05
92,31,1.190662384033203e-05
92,32,1.1941254138946534e-05
92,33,1.1832416057586669e-05
92,34,1.194298267364502e-05
92,35,1.1897265911102295e-05
92,36,1.190716028213501e-05
92,37,1.1976659297943115e-05
92,38,1.1956155300140381e-05
92,39,1.2015283107757568e-05
92,40,1.2015700340270996e-05
92,41,1.2064158916473388e-05
92,42,1.2045681476593017e-05
92,43,1.2067914009094239e-05
92,44,1.1988461017608643e-05
92,45,1.199495792388916e-05
92,46,1.2275218963623046e-05
92,47,1.2237787246704102e-05
92,48,1.2036442756652831e-05
92,49,1.213747262954712e-05
92,50,1.2020587921142578e-05
93,4,1.1290311813354491e-05
93,5,1.1383235454559327e-05
93,6,1.1338591575622558e-05
93,7,1.1330366134643555e-05
93,8,1.1384189128875733e-05
93,9,1.13639235496521e-05
93,10,1.1396050453186034e-05
93,11,1.1309325695037842e-05
93,12,1.1365771293640137e-05
93,13,1.1093616485595703e-05
93,14,1.103752851486206e-05
93,15,1.109480857849121e-05
93,16,1.1433780193328857e-05
93,17,1.127868890762329e-05
93,18,1.1286318302154542e-05
93,19,1.1426329612731933e-05
93,20,1.1167645454406738e-05
93,21,1.1074185371398926e-05
93,22,1.132887601852417e-05
93,23,1.1437952518463134e-05
93,24,1.1356532573699952e-05
93,25,1.1446237564086914e-05
93,26,1.1338591575622558e-05
93,27,1.1439025402069091e-05
93,28,1.1351466178894043e-05
93,29,1.1177420616149903e-05
93,30,1.1028587818145752e-05
93,31,1.1387884616851806e-05
93,32,1.132124662399292e-05
93,33,1.137310266494751e-05
93,34,1.1532306671142578e-05
93,35,1.1414527893066406e-05
93,36,1.1220455169677734e-05
93,37,1.1483728885650634e-05
93,38,1.183253526687622e-05
93,39,1.1819124221801758e-05
93,40,1.1818110942840577e-05
93,41,1.1802613735198974e-05
93,42,1.178663969039917e-05
93,43,1.185619831085205e-05
93,44,1.1856794357299805e-05
93,45,1.187223196029663e-05
93,46,1.1861979961395263e-05
93,47,1.1864840984344482e-05
93,48,1.187753677368164e-05
93,49,1.1913299560546876e-05
93,50,1.1884987354278564e-05
94,4,1.0800659656524659e-05
94,5,1.0780930519104004e-05
94,6,1.071375608444214e-05
94,7,1.0720670223236084e-05
94,8,1.0769188404083252e-05
94,9,1.0761082172393799e-05
94,10,1.0749161243438721e-05
94,11,1.076483726501465e-05
94,12,1.076662540435791e-05
94,13,1.098012924194336e-05
94,14,1.0847866535186768e-05
94,15,1.0607898235321045e-05
94,16,1.0843455791473389e-05
94,17,1.0566353797912598e-05
94,18,1.0506212711334228e-05
94,19,1.0894417762756347e-05
94,20,1.0810256004333497e-05
94,21,1.0443985462188721e-05
94,22,1.0757684707641602e-05
94,23,1.074284315109253e-05
94,24,1.0758578777313232e-05
94,25,1.0736465454101562e-05
94,26,1.0610222816467285e-05
94,27,1.0464251041412354e-05
94,28,1.0748326778411865e-05
94,29,1.0795116424560547e-05
94,30,1.0816216468811036e-05
94,31,1.0770797729492188e-05
94,32,1.0781288146972656e-05
94,33,1.0792553424835204e-05
94,34,1.0642111301422118e-05
94,35,1.0560274124145508e-05
94,36,1.0545849800109864e-05
94,37,1.0856091976165771e-05
94,38,1.0931432247161865e-05
94,39,1.0775268077850342e-05
94,40,1.0914325714111328e-05
94,41,1.0876893997192383e-05
94,42,1.0875821113586426e-05
94,43,1.0942697525024414e-05
94,44,1.0861277580261231e-05
94,45,1.0868549346923828e-05
94,46,1.0883808135986328e-05
94,47,1.0767340660095214e-05
94,48,1.0841131210327148e-05
94,49,1.0764598846435547e-05
94,50,1.0796129703521728e-05
95,4,1.1185228824615479e-05
95,5,1.1278271675109863e-05
95,6,1.1279642581939698e-05
95,7,1.1264145374298095e-05
95,8,1.1251151561737061e-05
95,9,1.1229455471038818e-05
95,10,1.115274429321289e-05
95,11,1.1138081550598145e-05
95,12,1.1148333549499512e-05
95,13,1.1155188083648681e-05
95,14,1.1222600936889648e-05
95,15,1.121687889099121e-05
95,16,1.1204957962036133e-05
95,17,1.1162400245666504e-05
95,18,1.1249005794525147e-05
95,19,1.1230111122131347e-05
95,20,1.1163771152496338e-05
95,21,1.1265158653259277e-05
95,22,1.1272907257080077e-05
95,23,1.1209309101104737e-05
95,24,1.1288285255432129e-05
95,25,1.1261463165283204e-05
95,26,1.132255792617798e-05
95,27,1.0945320129394532e-05
95,28,1.142573356628418e-05
95,29,1.1315584182739257e-05
95,30,1.1280477046966552e-05
95,31,1.1353790760040284e-05
95,32,1.1340856552124023e-05
95,33,1.1334836483001709e-05
95,34,1.1361837387084961e-05
95,35,1.1352300643920899e-05
95,36,1.1342167854309082e-05
95,37,1.1414229869842529e-05
95,38,1.1362671852111816e-05
95,39,1.1375188827514648e-05
95,40,1.1414825916290282e-05
95,41,1.1415064334869385e-05
95,42,1.1429429054260253e-05
95,43,1.1438846588134766e-05
95,44,1.1407315731048585e-05
95,45,1.1492788791656495e-05
95,46,1.1480569839477539e-05
95,47,1.1476457118988037e-05
95,48,1.1456191539764404e-05
95,49,1.149594783782959e-05
95,50,1.1467874050140381e-05
96,4,1.0976552963256836e-05
96,5,1.0744094848632813e-05
96,6,1.0789811611175537e-05
96,7,1.079261302947998e-05
96,8,1.1172831058502198e-05
96,9,1.1129140853881836e-05
96,10,1.1245131492614746e-05
96,11,1.1158645153045655e-05
96,12,1.1132240295410156e-05
96,13,1.1211514472961427e-05
96,14,1.1224985122680665e-05
96,15,1.1225879192352295e-05
96,16,1.1348605155944824e-05
96,17,1.1195898056030274e-05
96,18,1.1199831962585448e-05
96,19,1.1237800121307372e-05
96,20,1.124507188796997e-05
96,21,1.1176705360412598e-05
96,22,1.1277854442596436e-05
96,23,1.1173605918884277e-05
96,24,1.1193573474884033e-05
96,25,1.1219382286071777e-05
96,26,1.1242151260375976e-05
96,27,1.1244356632232666e-05
96,28,1.1328577995300294e-05
96,29,1.120072603225708e-05
96,30,1.1173546314239503e-05
96,31,1.1169791221618652e-05
96,32,1.1143803596496581e-05
96,33,1.1164784431457519e-05
96,34,1.1239230632781982e-05
96,35,1.1238396167755127e-05
96,36,1.1247992515563965e-05
96,37,1.133871078491211e-05
96,38,1.1242449283599853e-05
96,39,1.1297941207885742e-05
96,40,1.1293351650238037e-05
96,41,1.1234402656555176e-05
96,42,1.1231541633605957e-05
96,43,1.128917932510376e-05
96,44,1.1336147785186767e-05
96,45,1.1317729949951172e-05
96,46,1.1362433433532715e-05
96,47,1.1248886585235595e-05
96,48,1.1273562908172608e-05
96,49,1.1315345764160156e-05
96,50,1.1330068111419677e-05
97,4,1.1651396751403809e-05
97,5,1.1655628681182862e-05
97,6,1.1905431747436524e-05
97,7,1.1965036392211915e-05
97,8,1.1974871158599854e-05
97,9,1.1978387832641601e-05
97,10,1.2013673782348634e-05
97,11,1.1943101882934571e-05
97,12,1.197183132171631e-05
97,13,1.1892437934875488e-05
97,14,1.189357042312622e-05
97,15,1.1863291263580321e-05
97,16,1.1929571628570557e-05
97,17,1.1874675750732421e-05
97,18,1.1845290660858154e-05
97,19,1.1963903903961182e-05
97,20,1.1928081512451172e-05
97,21,1.196300983428955e-05
97,22,1.1935651302337647e-05
97,23,1.188749074935913e-05
97,24,1.1911153793334962e-05
97,25,1.196599006652832e-05
97,26,1.1961996555328369e-05
97,27,1.1915206909179687e-05
97,28,1.2064874172210693e-05
97,29,1.1980235576629639e-05
97,30,1.1934280395507812e-05
97,31,1.2056648731231689e-05
97,32,1.2019455432891845e-05
97,33,1.2037813663482667e-05
97,34,1.1969983577728272e-05
97,35,1.2102901935577392e-05
97,36,1.1976897716522216e-05
97,37,1.204591989517212e-05
97,38,1.2023508548736572e-05
97,39,1.2037038803100586e-05
97,40,1.2034893035888672e-05
97,41,1.2056648731231689e-05
97,42,1.2013316154479981e-05
97,43,1.2067615985870362e-05
97,44,1.2020349502563477e-05
97,45,1.2028157711029053e-05
97,46,1.2031912803649902e-05
97,47,1.207977533340454e-05
97,48,1.2007653713226319e-05
97,49,1.208573579788208e-05
97,50,1.2150228023529053e-05
98,4,1.1113524436950684e-05
98,5,1.1155903339385986e-05
98,6,1.10701322555542e-05
98,7,1.1185407638549804e-05
98,8,1.1212408542633057e-05
98,9,1.1181414127349853e-05
98,10,1.1194944381713867e-05
98,11,1.1144638061523437e-05
98,12,1.1168062686920166e-05
98,13,1.1172294616699219e-05
98,14,1.1189699172973633e-05
98,15,1.1146783828735352e-05
98,16,1.1220693588256837e-05
98,17,1.10853910446167e-05
98,18,1.1101007461547852e-05
98,19,1.1070013046264648e-05
98,20,1.1064231395721436e-05
98,21,1.106506586074829e-05
98,22,1.1064231395721436e-05
98,23,1.103520393371582e-05
98,24,1.1014759540557861e-05
98,25,1.1074960231781005e-05
98,26,1.1107563972473145e-05
98,27,1.114267110824585e-05
98,28,1.1091411113739014e-05
98,29,1.109147071838379e-05
98,30,1.110672950744629e-05
98,31,1.1094748973846436e-05
98,32,1.1032581329345703e-05
98,33,1.1116266250610352e-05
98,34,1.1162281036376953e-05
98,35,1.1229872703552246e-05
98,36,1.1172652244567871e-05
98,37,1.1198401451110839e-05
98,38,1.1114537715911865e-05
98,39,1.1162936687469482e-05
98,40,1.1181294918060303e-05
98,41,1.1176049709320068e-05
98,42,1.1191904544830323e-05
98,43,1.1085748672485352e-05
98,44,1.1120200157165527e-05
98,45,1.115274429321289e-05
98,46,1.1198043823242188e-05
98,47,1.11849308013916e-05
98,48,1.1144638061523437e-05
98,49,1.1192798614501953e-05
98,50,1.1221945285797119e-05
99,4,1.1036276817321777e-05
99,5,1.1077642440795899e-05
99,6,1.1058926582336426e-05
99,7,1.1101365089416504e-05
99,8,1.1077702045440674e-05
99,9,1.0991275310516357e-05
99,10,1.117551326751709e-05
99,11,1.112908124923706e-05
99,12,1.1069834232330322e-05
99,13,1.107257604598999e-05
99,14,1.1097609996795655e-05
99,15,1.1146128177642823e-05
99,16,1.1056065559387208e-05
99,17,1.1162519454956055e-05
99,18,1.1079490184783936e-05
99,19,1.1082351207733155e-05
99,20,1.1029720306396484e-05
99,21,1.1109113693237304e-05
99,22,1.1130809783935547e-05
99,23,1.1113107204437256e-05
99,24,1.111525297164917e-05
99,25,1.1000275611877442e-05
99,26,1.0950922966003418e-05
99,27,1.1252343654632568e-05
99,28,1.1269629001617432e-05
99,29,1.1290550231933594e-05
99,30,1.1285483837127685e-05
99,31,1.1253416538238525e-05
99,32,1.1174261569976807e-05
99,33,1.1271655559539795e-05
99,34,1.1320471763610839e-05
99,35,1.1348843574523925e-05
99,36,1.1222600936889648e-05
99,37,1.1275827884674072e-05
99,38,1.12687349319458e-05
99,39,1.1275291442871094e-05
99,40,1.1358737945556641e-05
99,41,1.1276483535766601e-05
99,42,1.128685474395752e-05
99,43,1.1350393295288086e-05
99,44,1.130533218383789e-05
99,45,1.1345088481903076e-05
99,46,1.1351168155670166e-05
99,47,1.1331558227539062e-05
99,48,1.1369585990905762e-05
99,49,1.1437952518463134e-05
99,50,1.1352062225341796e-05
