run,order,time
0,1,1.163935661315918e-05
0,2,1.4737963676452637e-05
0,3,1.6390323638916014e-05
0,4,1.9020497798919677e-05
0,5,2.2453784942626952e-05
0,6,2.6031553745269777e-05
0,7,2.836710214614868e-05
0,8,3.073382377624512e-05
0,9,3.131729364395142e-05
0,10,3.232288360595703e-05
0,11,3.260582685470581e-05
0,12,3.2716333866119385e-05
0,13,3.260529041290283e-05
0,14,3.32878828048706e-05
0,15,3.415495157241821e-05
0,16,3.3806443214416504e-05
0,17,3.410309553146362e-05
0,18,3.4474968910217285e-05
0,19,3.419804573059082e-05
0,20,3.53127121925354e-05
0,21,3.4907400608062744e-05
0,22,3.474551439285278e-05
0,23,3.5326182842254636e-05
0,24,3.5469114780426024e-05
0,25,3.520238399505615e-05
0,26,3.6170780658721925e-05
0,27,3.656983375549316e-05
0,28,3.5563647747039794e-05
0,29,3.610134124755859e-05
0,30,3.629779815673828e-05
0,31,3.637838363647461e-05
0,32,3.66443395614624e-05
0,33,6.213027238845825e-05
0,34,3.744691610336304e-05
0,35,3.790253400802612e-05
0,36,3.775209188461304e-05
0,37,3.763675689697266e-05
0,38,3.781408071517944e-05
0,39,3.812325000762939e-05
0,40,3.8589596748352053e-05
0,41,3.890365362167359e-05
0,42,3.949868679046631e-05
0,43,3.933483362197876e-05
0,44,3.899013996124267e-05
0,45,3.910386562347412e-05
0,46,3.9895951747894285e-05
0,47,4.022914171218872e-05
0,48,3.9835870265960696e-05
0,49,4.0104806423187255e-05
0,50,4.051035642623901e-05
1,1,1.1654317378997802e-05
1,2,1.4322459697723388e-05
1,3,1.652050018310547e-05
1,4,1.897585391998291e-05
1,5,2.2132575511932372e-05
1,6,2.5481820106506348e-05
1,7,2.856332063674927e-05
1,8,3.056246042251587e-05
1,9,3.1272053718566895e-05
1,10,3.2392263412475586e-05
1,11,3.2526552677154543e-05
1,12,3.264003992080689e-05
1,13,3.317844867706299e-05
1,14,3.334170579910278e-05
1,15,3.304702043533325e-05
1,16,3.360456228256226e-05
1,17,3.410071134567261e-05
1,18,5.858016014099121e-05
1,19,3.4647643566131595e-05
1,20,3.3939361572265626e-05
1,21,3.473544120788574e-05
1,22,3.438001871109009e-05
1,23,3.530442714691162e-05
1,24,3.4727931022644045e-05
1,25,3.56256365776062e-05
1,26,3.602898120880127e-05
1,27,3.640884160995484e-05
1,28,3.607815504074097e-05
1,29,3.644108772277832e-05
1,30,3.641277551651001e-05
1,31,3.689801692962647e-05
1,32,3.7026166915893556e-05
1,33,3.681373596191406e-05
1,34,3.729051351547241e-05
1,35,3.789246082305908e-05
1,36,3.7311673164367675e-05
1,37,3.8089632987976075e-05
1,38,3.835833072662354e-05
1,39,3.807693719863892e-05
1,40,3.807055950164795e-05
1,41,3.8469672203063964e-05
1,42,3.928786516189575e-05
1,43,3.897154331207275e-05
1,44,6.295740604400635e-05
1,45,3.8967013359069826e-05
1,46,3.957688808441162e-05
1,47,3.9718329906463626e-05
1,48,3.956210613250732e-05
1,49,3.996181488037109e-05
1,50,4.074680805206299e-05
2,1,1.0436177253723145e-05
2,2,1.3288259506225586e-05
2,3,1.6734182834625243e-05
2,4,1.9166707992553712e-05
2,5,2.2525429725646972e-05
2,6,2.5888681411743163e-05
2,7,2.8109669685363768e-05
2,8,3.038299083709717e-05
2,9,3.1072735786437986e-05
2,10,3.218698501586914e-05
2,11,3.292357921600342e-05
2,12,3.253209590911865e-05
2,13,3.324317932128906e-05
2,14,3.336024284362793e-05
2,15,3.360259532928467e-05
2,16,3.362417221069336e-05
2,17,3.4000396728515626e-05
2,18,3.442108631134033e-05
2,19,3.418141603469849e-05
2,20,3.4253835678100584e-05
2,21,3.502422571182251e-05
2,22,3.5058438777923584e-05
2,23,3.535836935043335e-05
2,24,3.540319204330444e-05
2,25,3.56600284576416e-05
2,26,3.620761632919311e-05
2,27,3.633570671081543e-05
2,28,5.965179204940796e-05
2,29,3.6195218563079834e-05
2,30,3.644311428070068e-05
2,31,3.668320178985596e-05
2,32,3.679883480072021e-05
2,33,3.670883178710937e-05
2,34,3.6629319190979005e-05
2,35,3.701835870742798e-05
2,36,3.768569231033325e-05
2,37,3.809303045272827e-05
2,38,3.769558668136597e-05
2,39,3.797847032546997e-05
2,40,3.864461183547974e-05
2,41,3.890049457550049e-05
2,42,3.908449411392212e-05
2,43,3.94698977470398e-05
2,44,3.876376152038574e-05
2,45,3.916293382644653e-05
2,46,3.966856002807617e-05
2,47,3.960669040679932e-05
2,48,4.026895761489868e-05
2,49,4.048675298690796e-05
2,50,4.035389423370361e-05
3,1,1.1256396770477295e-05
3,2,1.3211250305175781e-05
3,3,1.6093075275421143e-05
3,4,1.8233895301818847e-05
3,5,2.1143019199371338e-05
3,6,2.400553226470947e-05
3,7,2.6669442653656007e-05
3,8,2.8171181678771974e-05
3,9,2.9881179332733153e-05
3,10,3.134888410568237e-05
3,11,3.1665265560150146e-05
3,12,3.204971551895142e-05
3,13,5.6755006313323976e-05
3,14,3.294879198074341e-05
3,15,3.266602754592895e-05
3,16,3.35732102394104e-05
3,17,3.343617916107178e-05
3,18,3.422027826309204e-05
3,19,3.455573320388794e-05
3,20,3.396576642990112e-05
3,21,3.4225285053253176e-05
3,22,3.433525562286377e-05
3,23,3.509634733200073e-05
3,24,3.480428457260132e-05
3,25,3.568369150161743e-05
3,26,3.580838441848755e-05
3,27,3.6441564559936525e-05
3,28,3.6187291145324704e-05
3,29,3.598576784133911e-05
3,30,3.699219226837158e-05
3,31,3.6996066570281984e-05
3,32,3.73191237449646e-05
3,33,3.760087490081787e-05
3,34,3.7160754203796384e-05
3,35,3.78761887550354e-05
3,36,3.7887096405029296e-05
3,37,3.8208603858947753e-05
3,38,3.854614496231079e-05
3,39,6.221508979797364e-05
3,40,3.857910633087158e-05
3,41,3.8540780544281004e-05
3,42,3.932458162307739e-05
3,43,3.903907537460327e-05
3,44,4.213827848434448e-05
3,45,3.970247507095337e-05
3,46,4.022842645645142e-05
3,47,3.9994120597839356e-05
3,48,4.003250598907471e-05
3,49,4.0581703186035154e-05
3,50,4.061257839202881e-05
4,1,1.049959659576416e-05
4,2,1.3457536697387695e-05
4,3,1.6482532024383545e-05
4,4,1.9031524658203125e-05
4,5,2.2244393825531007e-05
4,6,2.4973034858703614e-05
4,7,2.77484655380249e-05
4,8,3.0014216899871827e-05
4,9,3.167378902435303e-05
4,10,3.24404239654541e-05
4,11,3.250950574874878e-05
4,12,3.249013423919678e-05
4,13,3.2598555088043214e-05
4,14,3.2719194889068604e-05
4,15,3.3065974712371826e-05
4,16,3.386974334716797e-05
4,17,3.35586667060852e-05
4,18,3.549259901046753e-05
4,19,3.4557580947875975e-05
4,20,3.471893072128296e-05
4,21,5.8683216571807865e-05
4,22,3.4546077251434326e-05
4,23,3.4871041774749755e-05
4,24,3.5313546657562254e-05
4,25,3.574061393737793e-05
4,26,3.632277250289917e-05
4,27,3.675651550292969e-05
4,28,3.622883558273315e-05
4,29,3.661423921585083e-05
4,30,3.637057542800903e-05
4,31,3.731471300125122e-05
4,32,3.678780794143677e-05
4,33,3.752392530441284e-05
4,34,3.7623882293701175e-05
4,35,3.778129816055298e-05
4,36,3.745853900909424e-05
4,37,3.8052916526794435e-05
4,38,3.822517395019531e-05
4,39,3.8597702980041505e-05
4,40,3.790587186813355e-05
4,41,3.841876983642578e-05
4,42,3.925210237503052e-05
4,43,3.9407193660736086e-05
4,44,3.96081805229187e-05
4,45,3.93410325050354e-05
4,46,6.261038780212403e-05
4,47,4.025846719741821e-05
4,48,4.024010896682739e-05
4,49,4.075765609741211e-05
4,50,4.0850520133972165e-05
5,1,1.1088967323303223e-05
5,2,1.3548195362091064e-05
5,3,1.687932014465332e-05
5,4,1.8886268138885497e-05
5,5,2.2166907787322998e-05
5,6,2.5687217712402343e-05
5,7,2.8111636638641357e-05
5,8,2.9802024364471436e-05
5,9,3.165018558502197e-05
5,10,3.181833028793335e-05
5,11,3.251534700393677e-05
5,12,3.266477584838867e-05
5,13,3.332561254501343e-05
5,14,3.29013466835022e-05
5,15,3.3865511417388915e-05
5,16,3.3857226371765135e-05
5,17,3.364431858062744e-05
5,18,3.4072935581207275e-05
5,19,3.416627645492554e-05
5,20,3.48203182220459e-05
5,21,3.452855348587036e-05
5,22,3.5021603107452396e-05
5,23,3.535544872283936e-05
5,24,3.533852100372314e-05
5,25,3.5654425621032716e-05
5,26,3.622704744338989e-05
5,27,6.115710735321045e-05
5,28,3.5783112049102784e-05
5,29,3.628736734390259e-05
5,30,3.649657964706421e-05
5,31,3.624236583709717e-05
5,32,3.692859411239624e-05
5,33,3.729128837585449e-05
5,34,3.6820888519287107e-05
5,35,3.749829530715942e-05
5,36,3.7176787853240964e-05
5,37,3.805768489837646e-05
5,38,3.759962320327759e-05
5,39,3.804880380630493e-05
5,40,3.8084208965301514e-05
5,41,3.836989402770996e-05
5,42,3.915506601333618e-05
5,43,3.931158781051636e-05
5,44,3.881460428237915e-05
5,45,3.956824541091919e-05
5,46,3.9329946041107177e-05
5,47,3.9794921875e-05
5,48,4.0175378322601315e-05
5,49,4.0642738342285154e-05
5,50,4.096323251724243e-05
6,1,1.1119484901428223e-05
6,2,1.278674602508545e-05
6,3,1.590937376022339e-05
6,4,1.8391788005828857e-05
6,5,2.1299779415130615e-05
6,6,2.3963570594787596e-05
6,7,2.7015209197998047e-05
6,8,2.848750352859497e-05
6,9,3.059875965118408e-05
6,10,3.160363435745239e-05
6,11,3.2573699951171874e-05
6,12,3.234434127807617e-05
6,13,5.697286128997803e-05
6,14,3.269410133361816e-05
6,15,3.361845016479492e-05
6,16,3.3231794834136965e-05
6,17,3.411346673965454e-05
6,18,3.411322832107544e-05
6,19,3.597623109817505e-05
6,20,3.55454683303833e-05
6,21,3.433501720428467e-05
6,22,3.4404218196868896e-05
6,23,3.4628331661224364e-05
6,24,3.5219430923461915e-05
6,25,3.524988889694214e-05
6,26,3.581899404525757e-05
6,27,3.6398887634277345e-05
6,28,3.572255373001099e-05
6,29,3.658449649810791e-05
6,30,3.686422109603882e-05
6,31,3.7098824977874754e-05
6,32,3.7210285663604734e-05
6,33,3.7421882152557375e-05
6,34,3.767770528793335e-05
6,35,3.7902772426605226e-05
6,36,3.7927746772766113e-05
6,37,3.826016187667847e-05
6,38,6.232905387878418e-05
6,39,3.809618949890137e-05
6,40,3.78035306930542e-05
6,41,3.841245174407959e-05
6,42,3.8955628871917725e-05
6,43,3.908461332321167e-05
6,44,3.898131847381592e-05
6,45,3.9618849754333494e-05
6,46,4.004257917404175e-05
6,47,4.0074050426483155e-05
6,48,3.9527833461761476e-05
6,49,4.0472447872161864e-05
6,50,4.059404134750366e-05
7,1,1.1086583137512208e-05
7,2,1.4814555644989013e-05
7,3,1.6099333763122557e-05
7,4,1.8914401531219483e-05
7,5,2.1542847156524657e-05
7,6,2.4661481380462645e-05
7,7,2.7668237686157228e-05
7,8,2.9724001884460448e-05
7,9,3.098297119140625e-05
7,10,3.2174944877624514e-05
7,11,3.236818313598633e-05
7,12,3.223639726638794e-05
7,13,3.3295512199401855e-05
7,14,3.335195779800415e-05
7,15,3.312885761260986e-05
7,16,3.365784883499145e-05
7,17,3.3515870571136474e-05
7,18,3.374099731445313e-05
7,19,3.445887565612793e-05
7,20,5.8169722557067874e-05
7,21,3.46682071685791e-05
7,22,3.4911036491394045e-05
7,23,3.482663631439209e-05
7,24,3.5354435443878174e-05
7,25,3.575438261032105e-05
7,26,3.589975833892822e-05
7,27,3.608018159866333e-05
7,28,3.616416454315186e-05
7,29,3.5971641540527345e-05
7,30,3.594285249710083e-05
7,31,3.693193197250366e-05
7,32,3.647816181182861e-05
7,33,3.70713472366333e-05
7,34,3.723573684692383e-05
7,35,3.708082437515259e-05
7,36,3.783458471298218e-05
7,37,3.744775056838989e-05
7,38,3.772240877151489e-05
7,39,3.814214468002319e-05
7,40,3.855353593826294e-05
7,41,3.830188512802124e-05
7,42,3.8940668106079103e-05
7,43,3.927326202392578e-05
7,44,3.8917958736419674e-05
7,45,3.949439525604248e-05
7,46,3.9107024669647215e-05
7,47,3.983914852142334e-05
7,48,4.011482000350952e-05
7,49,6.393074989318847e-05
7,50,4.05038595199585e-05
8,1,1.0443270206451416e-05
8,2,1.318669319152832e-05
8,3,1.619654893875122e-05
8,4,1.882636547088623e-05
8,5,2.1822810173034667e-05
8,6,2.4816513061523436e-05
8,7,2.795112133026123e-05
8,8,3.0265331268310545e-05
8,9,3.09869647026062e-05
8,10,3.200274705886841e-05
8,11,3.2681047916412355e-05
8,12,3.259044885635376e-05
8,13,3.246778249740601e-05
8,14,3.260064125061035e-05
8,15,3.313136100769043e-05
8,16,3.330534696578979e-05
8,17,3.3549547195434573e-05
8,18,3.430873155593872e-05
8,19,3.409981727600098e-05
8,20,3.46338152885437e-05
8,21,3.4237325191497805e-05
8,22,3.453505039215088e-05
8,23,3.46415638923645e-05
8,24,3.5183608531951905e-05
8,25,3.530144691467285e-05
8,26,3.5284101963043216e-05
8,27,3.604114055633545e-05
8,28,3.543776273727417e-05
8,29,5.974137783050537e-05
8,30,3.611630201339722e-05
8,31,3.685903549194336e-05
8,32,3.633576631546021e-05
8,33,3.7072062492370606e-05
8,34,3.721636533737182e-05
8,35,3.7794172763824464e-05
8,36,3.717130422592163e-05
8,37,3.802633285522461e-05
8,38,3.823786973953247e-05
8,39,3.832846879959106e-05
8,40,3.859883546829224e-05
8,41,3.889507055282593e-05
8,42,3.8920342922210695e-05
8,43,3.89934778213501e-05
8,44,3.872686624526978e-05
8,45,3.921115398406983e-05
8,46,3.967136144638062e-05
8,47,3.972989320755005e-05
8,48,3.9549767971038816e-05
8,49,4.003560543060303e-05
8,50,4.002296924591065e-05
9,1,1.2520015239715575e-05
9,2,1.3099372386932372e-05
9,3,1.5950679779052735e-05
9,4,1.8470168113708495e-05
9,5,2.1164655685424805e-05
9,6,2.4334251880645753e-05
9,7,2.647268772125244e-05
9,8,2.8639554977416993e-05
9,9,5.381160974502563e-05
9,10,3.094923496246338e-05
9,11,3.157275915145874e-05
9,12,3.145080804824829e-05
9,13,3.248065710067749e-05
9,14,3.2811403274536135e-05
9,15,3.266781568527222e-05
9,16,3.34552526473999e-05
9,17,3.340864181518555e-05
9,18,3.356444835662842e-05
9,19,3.3976256847381594e-05
9,20,3.45420241355896e-05
9,21,3.46725583076477e-05
9,22,3.4959256649017334e-05
9,23,3.460705280303955e-05
9,24,3.464353084564209e-05
9,25,3.495991230010986e-05
9,26,3.568768501281738e-05
9,27,3.615283966064453e-05
9,28,3.5735964775085447e-05
9,29,3.653055429458618e-05
9,30,3.6232352256774905e-05
9,31,3.700751066207886e-05
9,32,3.670257329940796e-05
9,33,3.761762380599976e-05
9,34,3.711467981338501e-05
9,35,3.791898488998413e-05
9,36,6.130903959274292e-05
9,37,3.804618120193481e-05
9,38,3.8309097290039064e-05
9,39,3.895467519760132e-05
9,40,3.8767099380493164e-05
9,41,3.89026403427124e-05
9,42,3.901869058609009e-05
9,43,3.898847103118897e-05
9,44,3.9046525955200194e-05
9,45,3.9191126823425295e-05
9,46,3.9266765117645266e-05
9,47,3.974884748458862e-05
9,48,4.025870561599731e-05
9,49,4.083043336868286e-05
9,50,4.073399305343628e-05
10,1,1.1465787887573242e-05
10,2,1.3795137405395507e-05
10,3,1.697707176208496e-05
10,4,1.9452035427093506e-05
10,5,2.2576034069061278e-05
10,6,2.643495798110962e-05
10,7,2.9565036296844483e-05
10,8,3.108811378479004e-05
10,9,3.214925527572632e-05
10,10,3.2375335693359375e-05
10,11,3.217524290084839e-05
10,12,3.2282769680023194e-05
10,13,3.3204197883605954e-05
10,14,3.320705890655517e-05
10,15,5.775934457778931e-05
10,16,3.3059656620025635e-05
10,17,3.3923327922821046e-05
10,18,3.3572733402252194e-05
10,19,3.464442491531372e-05
10,20,3.3946752548217776e-05
10,21,3.4238219261169435e-05
10,22,3.4811794757843015e-05
10,23,3.531438112258911e-05
10,24,3.469163179397583e-05
10,25,3.556448221206665e-05
10,26,3.5311102867126466e-05
10,27,3.553509712219238e-05
10,28,3.546649217605591e-05
10,29,3.6341607570648194e-05
10,30,3.626376390457153e-05
10,31,3.668731451034546e-05
10,32,3.680986166000366e-05
10,33,3.684145212173462e-05
10,34,3.677511215209961e-05
10,35,3.72512936592102e-05
10,36,3.7351667881011965e-05
10,37,3.8483381271362305e-05
10,38,3.791910409927368e-05
10,39,3.883874416351318e-05
10,40,6.183189153671264e-05
10,41,3.835183382034302e-05
10,42,3.876954317092896e-05
10,43,3.89060378074646e-05
10,44,3.920382261276245e-05
10,45,3.957611322402954e-05
10,46,3.916513919830322e-05
10,47,4.007339477539063e-05
10,48,4.017174243927002e-05
10,49,4.057466983795166e-05
10,50,4.059642553329468e-05
11,1,1.0914266109466552e-05
11,2,1.3626277446746826e-05
11,3,1.6724169254302977e-05
11,4,1.920807361602783e-05
11,5,2.241075038909912e-05
11,6,2.603358030319214e-05
11,7,2.8322398662567138e-05
11,8,3.079211711883545e-05
11,9,3.125160932540894e-05
11,10,3.201663494110107e-05
11,11,3.278219699859619e-05
11,12,3.260082006454468e-05
11,13,3.370976448059082e-05
11,14,3.317248821258545e-05
11,15,3.3333301544189454e-05
11,16,3.346174955368042e-05
11,17,3.446477651596069e-05
11,18,3.412222862243652e-05
11,19,3.482449054718018e-05
11,20,5.8024585247039794e-05
11,21,3.463202714920044e-05
11,22,3.4893572330474855e-05
11,23,3.481316566467285e-05
11,24,3.5127997398376466e-05
11,25,3.528076410293579e-05
11,26,3.581225872039795e-05
11,27,3.640002012252808e-05
11,28,3.5678744316101076e-05
11,29,3.607308864593506e-05
11,30,3.702765703201294e-05
11,31,3.638207912445068e-05
11,32,3.644996881484985e-05
11,33,3.7439286708831784e-05
11,34,3.689485788345337e-05
11,35,3.856748342514038e-05
11,36,3.786313533782959e-05
11,37,3.779208660125733e-05
11,38,3.8313210010528564e-05
11,39,3.844594955444336e-05
11,40,3.827172517776489e-05
11,41,3.866076469421387e-05
11,42,3.912347555160523e-05
11,43,3.925889730453491e-05
11,44,6.282860040664673e-05
11,45,3.9424240589141844e-05
11,46,3.981161117553711e-05
11,47,4.0353119373321535e-05
11,48,3.9788126945495605e-05
11,49,4.0161550045013426e-05
11,50,4.077082872390747e-05
12,1,1.0935187339782714e-05
12,2,1.4167487621307373e-05
12,3,1.7269372940063478e-05
12,4,2.0026028156280517e-05
12,5,2.078568935394287e-05
12,6,2.35784649848938e-05
12,7,2.5618433952331542e-05
12,8,2.7395188808441163e-05
12,9,2.8763115406036377e-05
12,10,2.9291093349456787e-05
12,11,3.0213236808776856e-05
12,12,3.0280888080596924e-05
12,13,3.12349796295166e-05
12,14,3.133249282836914e-05
12,15,3.154528141021728e-05
12,16,3.244632482528687e-05
12,17,3.358858823776245e-05
12,18,3.3316195011138914e-05
12,19,3.393244743347168e-05
12,20,3.384178876876831e-05
12,21,3.430271148681641e-05
12,22,3.394562005996704e-05
12,23,3.460860252380371e-05
12,24,3.5131931304931644e-05
12,25,3.499710559844971e-05
12,26,3.520888090133667e-05
12,27,3.6179423332214356e-05
12,28,6.03107213973999e-05
12,29,3.616458177566528e-05
12,30,3.6504387855529786e-05
12,31,3.661876916885376e-05
12,32,3.705716133117676e-05
12,33,3.749269247055054e-05
12,34,3.681325912475586e-05
12,35,3.7125468254089353e-05
12,36,3.72159481048584e-05
12,37,3.773003816604614e-05
12,38,3.814947605133057e-05
12,39,3.892296552658081e-05
12,40,3.8118958473205565e-05
12,41,3.905344009399414e-05
12,42,3.883874416351318e-05
12,43,3.931140899658203e-05
12,44,3.877311944961548e-05
12,45,3.976732492446899e-05
12,46,3.9468586444854736e-05
12,47,4.015570878982544e-05
12,48,3.988289833068848e-05
12,49,4.056721925735474e-05
12,50,4.1162192821502685e-05
13,1,1.1723697185516358e-05
13,2,1.3486266136169434e-05
13,3,1.666879653930664e-05
13,4,1.9367754459381104e-05
13,5,2.2403061389923095e-05
13,6,2.5689125061035157e-05
13,7,2.880626916885376e-05
13,8,3.091526031494141e-05
13,9,5.513554811477661e-05
13,10,3.239893913269043e-05
13,11,3.24893593788147e-05
13,12,3.26305627822876e-05
13,13,3.2821953296661374e-05
13,14,3.3204734325408934e-05
13,15,3.2957196235656735e-05
13,16,3.328859806060791e-05
13,17,3.4055829048156736e-05
13,18,3.440898656845093e-05
13,19,3.419363498687744e-05
13,20,3.422403335571289e-05
13,21,3.48319411277771e-05
13,22,3.447270393371582e-05
13,23,3.577446937561035e-05
13,24,3.566163778305054e-05
13,25,3.5906851291656496e-05
13,26,3.640437126159668e-05
13,27,3.6294817924499514e-05
13,28,3.638702630996704e-05
13,29,3.6531031131744385e-05
13,30,3.68502140045166e-05
13,31,3.655761480331421e-05
13,32,3.700625896453857e-05
13,33,3.748083114624023e-05
13,34,6.021243333816528e-05
13,35,3.713619709014893e-05
13,36,3.7694275379180907e-05
13,37,3.800147771835327e-05
13,38,3.828197717666626e-05
13,39,3.8601458072662354e-05
13,40,3.8092494010925294e-05
13,41,3.903013467788696e-05
13,42,3.93528938293457e-05
13,43,3.971260786056519e-05
13,44,3.915703296661377e-05
13,45,3.945332765579224e-05
13,46,4.001396894454956e-05
13,47,4.018771648406983e-05
13,48,3.9727628231048584e-05
13,49,4.002928733825684e-05
13,50,4.084271192550659e-05
14,1,1.0771214962005616e-05
14,2,1.3416469097137452e-05
14,3,1.6430556774139404e-05
14,4,1.886272430419922e-05
14,5,2.173060178756714e-05
14,6,2.4553596973419188e-05
14,7,2.703547477722168e-05
14,8,2.9374003410339357e-05
14,9,3.08418869972229e-05
14,10,3.1897127628326415e-05
14,11,3.242433071136475e-05
14,12,3.276437520980835e-05
14,13,3.277528285980225e-05
14,14,3.280937671661377e-05
14,15,3.3484578132629396e-05
14,16,3.3290505409240726e-05
14,17,5.739635229110718e-05
14,18,3.392326831817627e-05
14,19,3.423470258712769e-05
14,20,3.474277257919311e-05
14,21,3.487181663513184e-05
14,22,3.455555438995361e-05
14,23,3.479909896850586e-05
14,24,3.545236587524414e-05
14,25,3.5260677337646486e-05
14,26,3.603708744049072e-05
14,27,3.643357753753662e-05
14,28,3.5733282566070556e-05
14,29,3.610694408416748e-05
14,30,3.651529550552368e-05
14,31,3.698885440826416e-05
14,32,3.6926925182342526e-05
14,33,3.7560999393463134e-05
14,34,3.696507215499878e-05
14,35,3.732925653457641e-05
14,36,3.787726163864136e-05
14,37,3.768640756607056e-05
14,38,3.805232048034668e-05
14,39,3.817540407180786e-05
14,40,3.8853168487548826e-05
14,41,3.910726308822632e-05
14,42,6.256812810897827e-05
14,43,3.9836347103118894e-05
14,44,3.945314884185791e-05
14,45,3.971445560455322e-05
14,46,3.93330454826355e-05
14,47,4.0121912956237794e-05
14,48,3.98215651512146e-05
14,49,4.026836156845093e-05
14,50,4.121017456054688e-05
15,1,1.1092960834503174e-05
15,2,1.3393461704254151e-05
15,3,1.640629768371582e-05
15,4,1.901036500930786e-05
15,5,2.1629273891448976e-05
15,6,2.4602055549621583e-05
15,7,2.7726054191589355e-05
15,8,2.941197156906128e-05
15,9,3.12458872795105e-05
15,10,3.221505880355835e-05
15,11,3.240501880645752e-05
15,12,3.267550468444824e-05
15,13,3.284531831741333e-05
15,14,3.285336494445801e-05
15,15,3.318828344345093e-05
15,16,3.334259986877441e-05
15,17,3.359466791152954e-05
15,18,3.439795970916748e-05
15,19,3.449517488479614e-05
15,20,3.432554006576538e-05
15,21,3.467130661010742e-05
15,22,3.471076488494873e-05
15,23,5.9603750705718995e-05
15,24,3.4745931625366214e-05
15,25,3.541845083236694e-05
15,26,3.598195314407349e-05
15,27,3.661859035491943e-05
15,28,3.613865375518799e-05
15,29,3.648883104324341e-05
15,30,3.630679845809936e-05
15,31,3.6613106727600095e-05
15,32,3.666216135025025e-05
15,33,3.733807802200317e-05
15,34,3.695541620254517e-05
15,35,3.72006893157959e-05
15,36,3.727865219116211e-05
15,37,3.7706136703491213e-05
15,38,3.79863977432251e-05
15,39,3.878140449523926e-05
15,40,3.81544828414917e-05
15,41,3.901875019073486e-05
15,42,3.931337594985962e-05
15,43,3.954547643661499e-05
15,44,3.887951374053955e-05
15,45,3.923320770263672e-05
15,46,3.935015201568604e-05
15,47,3.982996940612793e-05
15,48,4.0327489376068113e-05
15,49,4.0257275104522703e-05
15,50,4.053455591201782e-05
16,1,1.093900203704834e-05
16,2,1.3223350048065185e-05
16,3,1.5913724899291992e-05
16,4,1.8550753593444825e-05
16,5,2.1317660808563233e-05
16,6,2.4228155612945556e-05
16,7,2.7150392532348632e-05
16,8,2.8892755508422852e-05
16,9,5.461382865905762e-05
16,10,3.130429983139038e-05
16,11,3.182828426361084e-05
16,12,3.188067674636841e-05
16,13,3.248071670532227e-05
16,14,3.26765775680542e-05
16,15,3.308230638504028e-05
16,16,3.3627867698669435e-05
16,17,3.401637077331543e-05
16,18,3.389877080917358e-05
16,19,3.411084413528442e-05
16,20,3.4728288650512696e-05
16,21,3.491705656051636e-05
16,22,3.489780426025391e-05
16,23,3.473210334777832e-05
16,24,3.479224443435669e-05
16,25,3.5574257373809814e-05
16,26,3.6264896392822264e-05
16,27,3.634911775588989e-05
16,28,3.575241565704346e-05
16,29,3.6091864109039304e-05
16,30,3.678911924362183e-05
16,31,3.701251745223999e-05
16,32,3.658473491668701e-05
16,33,3.6912858486175535e-05
16,34,6.135201454162598e-05
16,35,3.766846656799316e-05
16,36,3.78616452217102e-05
16,37,3.810608386993408e-05
16,38,3.7824273109436036e-05
16,39,3.836154937744141e-05
16,40,3.873926401138306e-05
16,41,3.852635622024536e-05
16,42,3.969794511795044e-05
16,43,3.9050519466400146e-05
16,44,3.925234079360962e-05
16,45,3.920447826385498e-05
16,46,3.939539194107056e-05
16,47,3.964614868164063e-05
16,48,3.9892375469207765e-05
16,49,4.0372371673583985e-05
16,50,4.056167602539062e-05
17,1,1.0596752166748046e-05
17,2,1.3510048389434815e-05
17,3,1.655489206314087e-05
17,4,1.8986046314239503e-05
17,5,2.1962881088256836e-05
17,6,2.4945497512817384e-05
17,7,2.7979016304016115e-05
17,8,3.0138075351715087e-05
17,9,3.1473636627197263e-05
17,10,3.2405555248260495e-05
17,11,3.245764970779419e-05
17,12,3.2560408115386964e-05
17,13,3.2968759536743165e-05
17,14,3.2813727855682375e-05
17,15,3.3268153667449954e-05
17,16,3.339064121246338e-05
17,17,5.807274580001831e-05
17,18,3.3915162086486814e-05
17,19,3.417074680328369e-05
17,20,3.425759077072143e-05
17,21,3.4396827220916746e-05
17,22,3.4364819526672366e-05
17,23,3.469562530517578e-05
17,24,3.4915149211883545e-05
17,25,3.524452447891235e-05
17,26,3.582048416137695e-05
17,27,3.629720211029053e-05
17,28,3.556120395660401e-05
17,29,3.578561544418335e-05
17,30,3.6363065242767336e-05
17,31,3.657037019729614e-05
17,32,3.635191917419434e-05
17,33,3.685122728347778e-05
17,34,3.69410514831543e-05
17,35,3.720360994338989e-05
17,36,3.73029112815857e-05
17,37,3.7556350231170655e-05
17,38,3.784102201461792e-05
17,39,3.8170337677001956e-05
17,40,3.8158595561981204e-05
17,41,3.839957714080811e-05
17,42,6.252580881118775e-05
17,43,3.9089083671569827e-05
17,44,3.8928806781768797e-05
17,45,3.910529613494873e-05
17,46,3.932374715805054e-05
17,47,3.9813876152038575e-05
17,48,3.975439071655273e-05
17,49,4.0170013904571535e-05
17,50,4.059606790542603e-05
18,1,1.1855840682983398e-05
18,2,1.3964593410491944e-05
18,3,1.6464412212371825e-05
18,4,1.8803119659423828e-05
18,5,2.1824121475219728e-05
18,6,2.4866700172424317e-05
18,7,2.8067588806152345e-05
18,8,2.9777765274047853e-05
18,9,3.1363487243652344e-05
18,10,3.217935562133789e-05
18,11,3.22115421295166e-05
18,12,3.2484233379364014e-05
18,13,3.259181976318359e-05
18,14,3.2730579376220706e-05
18,15,3.336799144744873e-05
18,16,3.301280736923218e-05
18,17,3.3809006214141846e-05
18,18,3.444719314575195e-05
18,19,3.440070152282715e-05
18,20,3.4098148345947266e-05
18,21,3.428906202316284e-05
18,22,5.891925096511841e-05
18,23,3.4587562084198e-05
18,24,3.47248911857605e-05
18,25,3.510504961013794e-05
18,26,3.573918342590332e-05
18,27,3.631430864334107e-05
18,28,3.564596176147461e-05
18,29,3.615963459014893e-05
18,30,3.6175072193145754e-05
18,31,3.64757776260376e-05
18,32,3.6374390125274656e-05
18,33,3.696358203887939e-05
18,34,3.702372312545776e-05
18,35,3.7510037422180174e-05
18,36,3.7326931953430174e-05
18,37,3.779947757720947e-05
18,38,3.774696588516235e-05
18,39,3.846007585525513e-05
18,40,3.8224458694458005e-05
18,41,3.876215219497681e-05
18,42,3.910446166992187e-05
18,43,3.9339125156402586e-05
18,44,3.944718837738037e-05
18,45,3.9260387420654294e-05
18,46,3.981363773345947e-05
18,47,6.336790323257446e-05
18,48,4.0121197700500486e-05
18,49,4.0760338306427004e-05
18,50,4.0577471256256106e-05
19,1,1.047605276107788e-05
19,2,1.2922286987304688e-05
19,3,1.4849424362182617e-05
19,4,1.688563823699951e-05
19,5,1.91994309425354e-05
19,6,2.420496940612793e-05
19,7,2.6798367500305174e-05
19,8,2.745407819747925e-05
19,9,2.9241979122161865e-05
19,10,3.006863594055176e-05
19,11,3.07202935218811e-05
19,12,3.094333410263062e-05
19,13,3.2224833965301515e-05
19,14,3.256678581237793e-05
19,15,3.329801559448242e-05
19,16,3.358674049377441e-05
19,17,3.4407615661621094e-05
19,18,3.544402122497559e-05
19,19,3.163617849349976e-05
19,20,3.176414966583252e-05
19,21,3.2401800155639646e-05
19,22,3.300374746322632e-05
19,23,3.3235371112823485e-05
19,24,3.3417046070098876e-05
19,25,3.431612253189087e-05
19,26,3.4651219844818115e-05
19,27,3.519535064697266e-05
19,28,3.465747833251953e-05
19,29,3.5692930221557616e-05
19,30,3.536337614059448e-05
19,31,3.621459007263184e-05
19,32,3.6745309829711916e-05
19,33,3.7129104137420654e-05
19,34,3.735095262527466e-05
19,35,3.693318367004394e-05
19,36,6.180161237716674e-05
19,37,3.7671923637390135e-05
19,38,3.7410497665405274e-05
19,39,3.803682327270508e-05
19,40,3.808397054672241e-05
19,41,3.833204507827759e-05
19,42,3.9103925228118894e-05
19,43,3.9231479167938235e-05
19,44,3.907674551010132e-05
19,45,3.921282291412353e-05
19,46,3.9644956588745114e-05
19,47,4.03592586517334e-05
19,48,4.0062665939331054e-05
19,49,4.066628217697144e-05
19,50,4.086136817932129e-05
20,1,1.0697782039642335e-05
20,2,1.3438105583190918e-05
20,3,1.6718387603759766e-05
20,4,1.8989503383636475e-05
20,5,2.1869957447052e-05
20,6,2.5068402290344237e-05
20,7,2.7946949005126954e-05
20,8,3.0490994453430174e-05
20,9,3.146624565124512e-05
20,10,3.252410888671875e-05
20,11,3.25615406036377e-05
20,12,3.286260366439819e-05
20,13,3.273111581802368e-05
20,14,3.278952836990356e-05
20,15,3.3250629901885983e-05
20,16,3.325170278549194e-05
20,17,3.376328945159912e-05
20,18,3.391295671463013e-05
20,19,3.4357547760009764e-05
20,20,5.9048473834991454e-05
20,21,3.476649522781372e-05
20,22,3.4860968589782715e-05
20,23,3.4741997718811037e-05
20,24,3.47517728805542e-05
20,25,3.551977872848511e-05
20,26,3.535705804824829e-05
20,27,3.613841533660889e-05
20,28,3.557437658309937e-05
20,29,3.631740808486938e-05
20,30,3.610461950302124e-05
20,31,3.6271929740905764e-05
20,32,3.717279434204101e-05
20,33,3.7510097026824954e-05
20,34,3.700244426727295e-05
20,35,3.722566366195679e-05
20,36,3.731518983840942e-05
20,37,3.7426173686981204e-05
20,38,3.785443305969238e-05
20,39,3.821772336959839e-05
20,40,3.8550376892089845e-05
20,41,3.846907615661621e-05
20,42,3.9001166820526124e-05
20,43,3.965944051742554e-05
20,44,3.943711519241333e-05
20,45,3.9228618144989017e-05
20,46,3.994721174240112e-05
20,47,4.014086723327637e-05
20,48,4.0445446968078614e-05
20,49,6.459468603134156e-05
20,50,4.016607999801636e-05
21,1,1.0577917098999023e-05
21,2,1.3306081295013428e-05
21,3,1.6627073287963868e-05
21,4,1.8934309482574464e-05
21,5,2.1895766258239747e-05
21,6,2.4943768978118898e-05
21,7,2.8128564357757567e-05
21,8,3.0478835105895997e-05
21,9,3.147929906845093e-05
21,10,3.1641840934753416e-05
21,11,3.2670021057128904e-05
21,12,3.2775521278381345e-05
21,13,3.287607431411743e-05
21,14,3.3326327800750735e-05
21,15,3.372573852539062e-05
21,16,3.371262550354004e-05
21,17,3.406226634979248e-05
21,18,3.381812572479248e-05
21,19,3.458917140960693e-05
21,20,3.4737825393676756e-05
21,21,3.5090863704681395e-05
21,22,3.522062301635742e-05
21,23,3.470677137374878e-05
21,24,3.480631113052368e-05
21,25,3.5689711570739746e-05
21,26,3.572845458984375e-05
21,27,3.824621438980102e-05
21,28,3.617781400680542e-05
21,29,3.660613298416138e-05
21,30,3.6484181880950925e-05
21,31,3.657591342926026e-05
21,32,6.186699867248535e-05
21,33,3.682219982147217e-05
21,34,3.6933064460754395e-05
21,35,3.714299201965332e-05
21,36,3.7089109420776364e-05
21,37,3.7876129150390626e-05
21,38,3.768765926361084e-05
21,39,3.841465711593628e-05
21,40,3.8580954074859616e-05
21,41,3.856748342514038e-05
21,42,3.884810209274292e-05
21,43,3.877866268157959e-05
21,44,3.9240241050720214e-05
21,45,3.9870798587799075e-05
21,46,3.99278998374939e-05
21,47,3.986918926239014e-05
21,48,3.97268533706665e-05
21,49,4.074060916900635e-05
21,50,4.08063530921936e-05
22,1,1.075977087020874e-05
22,2,1.357567310333252e-05
22,3,1.711142063140869e-05
22,4,1.9502818584442137e-05
22,5,2.24231481552124e-05
22,6,2.5643646717071532e-05
22,7,2.902054786682129e-05
22,8,3.092426061630249e-05
22,9,3.1723737716674804e-05
22,10,3.261220455169678e-05
22,11,3.2377660274505615e-05
22,12,5.6343913078308104e-05
22,13,3.296124935150147e-05
22,14,3.323435783386231e-05
22,15,3.303045034408569e-05
22,16,3.385382890701294e-05
22,17,3.404295444488525e-05
22,18,3.3832967281341556e-05
22,19,3.4749329090118406e-05
22,20,3.4853219985961915e-05
22,21,3.448563814163208e-05
22,22,3.49084734916687e-05
22,23,3.487294912338257e-05
22,24,3.575330972671509e-05
22,25,3.525692224502564e-05
22,26,3.5726070404052735e-05
22,27,3.779691457748413e-05
22,28,3.6146104335784914e-05
22,29,3.662109375e-05
22,30,3.675007820129394e-05
22,31,3.638017177581787e-05
22,32,3.652215003967285e-05
22,33,3.743040561676025e-05
22,34,3.756630420684815e-05
22,35,3.808093070983887e-05
22,36,6.215053796768188e-05
22,37,3.814119100570679e-05
22,38,3.777629137039184e-05
22,39,3.8437306880950927e-05
22,40,3.8303375244140626e-05
22,41,3.900235891342163e-05
22,42,3.907883167266846e-05
22,43,3.927165269851685e-05
22,44,3.982734680175781e-05
22,45,4.0613293647766116e-05
22,46,3.9699733257293704e-05
22,47,4.033362865447998e-05
22,48,4.0092945098876955e-05
22,49,4.0351152420043946e-05
22,50,4.051506519317627e-05
23,1,1.1417269706726075e-05
23,2,1.3661742210388183e-05
23,3,1.6784071922302245e-05
23,4,1.9654512405395507e-05
23,5,2.2354066371917724e-05
23,6,2.545309066772461e-05
23,7,2.8051674365997316e-05
23,8,2.9844462871551513e-05
23,9,3.15479040145874e-05
23,10,3.201532363891602e-05
23,11,3.264564275741577e-05
23,12,3.257989883422852e-05
23,13,3.2784223556518556e-05
23,14,3.35124135017395e-05
23,15,3.315752744674683e-05
23,16,3.402149677276611e-05
23,17,3.402262926101684e-05
23,18,5.864095687866211e-05
23,19,3.439581394195557e-05
23,20,3.474998474121094e-05
23,21,3.517371416091919e-05
23,22,3.499794006347656e-05
23,23,3.463023900985718e-05
23,24,3.506487607955933e-05
23,25,3.586483001708984e-05
23,26,3.561520576477051e-05
23,27,3.640782833099365e-05
23,28,3.6025285720825195e-05
23,29,3.615349531173706e-05
23,30,3.656083345413208e-05
23,31,3.626555204391479e-05
23,32,3.6520063877105715e-05
23,33,3.699684143066406e-05
23,34,3.710150718688965e-05
23,35,3.798675537109375e-05
23,36,3.754568099975586e-05
23,37,3.775155544281006e-05
23,38,3.7975013256073e-05
23,39,3.846526145935059e-05
23,40,3.841012716293335e-05
23,41,3.916740417480469e-05
23,42,3.940349817276001e-05
23,43,6.496965885162353e-05
23,44,3.9308667182922364e-05
23,45,3.931927680969238e-05
23,46,3.9539873600006105e-05
23,47,3.9774298667907716e-05
23,48,3.985702991485596e-05
23,49,4.021704196929932e-05
23,50,4.06309962272644e-05
24,1,1.1581122875213623e-05
24,2,1.3611078262329101e-05
24,3,1.6513049602508545e-05
24,4,1.8993854522705077e-05
24,5,2.189546823501587e-05
24,6,2.5697529315948485e-05
24,7,2.71109938621521e-05
24,8,2.9406964778900148e-05
24,9,3.085625171661377e-05
24,10,3.2072305679321286e-05
24,11,3.24367880821228e-05
24,12,3.264510631561279e-05
24,13,3.280431032180786e-05
24,14,3.3364295959472656e-05
24,15,3.329074382781982e-05
24,16,3.330230712890625e-05
24,17,3.364402055740356e-05
24,18,3.393596410751343e-05
24,19,3.427833318710327e-05
24,20,3.4248948097229e-05
24,21,3.4717321395874026e-05
24,22,3.5432040691375734e-05
24,23,3.500676155090332e-05
24,24,3.532189130783081e-05
24,25,3.5441040992736815e-05
24,26,6.0935139656066895e-05
24,27,3.615987300872803e-05
24,28,3.579640388488769e-05
24,29,3.6034822463989256e-05
24,30,3.605800867080688e-05
24,31,3.700900077819824e-05
24,32,3.661322593688965e-05
24,33,3.728097677230835e-05
24,34,3.7044167518615725e-05
24,35,3.887814283370972e-05
24,36,3.7623345851898195e-05
24,37,3.774476051330566e-05
24,38,3.768336772918701e-05
24,39,3.86928915977478e-05
24,40,3.846925497055054e-05
24,41,3.8683414459228516e-05
24,42,3.8673996925354e-05
24,43,3.9364874362945556e-05
24,44,3.968608379364014e-05
24,45,3.9164125919342044e-05
24,46,3.950715065002442e-05
24,47,3.9736688137054446e-05
24,48,4.051131010055542e-05
24,49,4.047548770904541e-05
24,50,4.013580083847046e-05
25,1,1.1648714542388916e-05
25,2,1.3652265071868896e-05
25,3,1.654505729675293e-05
25,4,1.9064128398895265e-05
25,5,2.2175967693328857e-05
25,6,2.5240898132324218e-05
25,7,2.7994990348815918e-05
25,8,3.005307912826538e-05
25,9,3.126007318496704e-05
25,10,5.8052480220794675e-05
25,11,3.263431787490845e-05
25,12,3.213363885879517e-05
25,13,3.247553110122681e-05
25,14,3.2786190509796145e-05
25,15,3.34358811378479e-05
25,16,3.3774971961975096e-05
25,17,3.4094154834747314e-05
25,18,3.388470411300659e-05
25,19,3.488612174987793e-05
25,20,3.431642055511475e-05
25,21,3.514641523361206e-05
25,22,3.5074353218078616e-05
25,23,3.4778714179992676e-05
25,24,3.522765636444092e-05
25,25,3.5625994205474856e-05
25,26,3.577131032943726e-05
25,27,3.596752882003784e-05
25,28,3.5948038101196286e-05
25,29,3.6731243133544925e-05
25,30,3.69531512260437e-05
25,31,3.667157888412475e-05
25,32,3.713548183441162e-05
25,33,3.745079040527344e-05
25,34,3.769600391387939e-05
25,35,3.7997782230377195e-05
25,36,6.291723251342774e-05
25,37,3.818333148956299e-05
25,38,3.811657428741455e-05
25,39,3.9152443408966066e-05
25,40,3.8244843482971195e-05
25,41,3.858989477157593e-05
25,42,3.9159834384918216e-05
25,43,3.938746452331543e-05
25,44,4.0001988410949704e-05
25,45,3.967422246932984e-05
25,46,3.989839553833008e-05
25,47,4.019820690155029e-05
25,48,4.038459062576294e-05
25,49,4.0738224983215335e-05
25,50,4.0185987949371335e-05
26,1,1.1179864406585694e-05
26,2,1.3385653495788575e-05
26,3,1.6508758068084717e-05
26,4,1.9365310668945313e-05
26,5,2.2283375263214112e-05
26,6,2.5520741939544676e-05
26,7,2.860558032989502e-05
26,8,3.0495285987854002e-05
26,9,3.172588348388672e-05
26,10,3.204751014709473e-05
26,11,3.279602527618408e-05
26,12,3.289484977722168e-05
26,13,3.331464529037476e-05
26,14,3.356796503067017e-05
26,15,3.321284055709839e-05
26,16,3.3291935920715335e-05
26,17,5.914181470870972e-05
26,18,3.369277715682983e-05
26,19,3.413945436477661e-05
26,20,3.4610331058502195e-05
26,21,3.475576639175415e-05
26,22,3.508216142654419e-05
26,23,3.5131752490997315e-05
26,24,3.534972667694092e-05
26,25,3.5592496395111086e-05
26,26,3.584247827529907e-05
26,27,3.605347871780395e-05
26,28,3.627002239227295e-05
26,29,3.658688068389893e-05
26,30,3.619909286499024e-05
26,31,3.678327798843384e-05
26,32,3.6597132682800296e-05
26,33,3.709715604782104e-05
26,34,3.7026166915893556e-05
26,35,3.7281990051269535e-05
26,36,3.752511739730835e-05
26,37,3.7778913974761966e-05
26,38,3.782457113265991e-05
26,39,3.8728594779968264e-05
26,40,3.804457187652588e-05
26,41,3.8791418075561524e-05
26,42,3.895825147628784e-05
26,43,3.88716459274292e-05
26,44,6.393814086914062e-05
26,45,3.978383541107178e-05
26,46,3.94207239151001e-05
26,47,3.96578311920166e-05
26,48,3.996109962463379e-05
26,49,4.0228307247161864e-05
26,50,4.016190767288208e-05
27,1,1.1853575706481934e-05
27,2,1.3913273811340331e-05
27,3,1.5381336212158202e-05
27,4,1.7714619636535644e-05
27,5,2.0408451557159423e-05
27,6,2.2905409336090087e-05
27,7,2.5461316108703614e-05
27,8,2.752089500427246e-05
27,9,2.908092737197876e-05
27,10,2.9928863048553466e-05
27,11,3.1585991382598874e-05
27,12,3.182840347290039e-05
27,13,3.222775459289551e-05
27,14,3.248542547225952e-05
27,15,3.3016443252563475e-05
27,16,3.321778774261475e-05
27,17,3.376424312591553e-05
27,18,3.363209962844849e-05
27,19,3.476351499557495e-05
27,20,3.4280359745025636e-05
27,21,3.5110116004943845e-05
27,22,3.48351001739502e-05
27,23,3.536087274551391e-05
27,24,3.482306003570557e-05
27,25,3.525751829147339e-05
27,26,3.564459085464478e-05
27,27,3.6540210247039795e-05
27,28,3.652256727218628e-05
27,29,3.6462962627410886e-05
27,30,6.171619892120361e-05
27,31,3.6418139934539795e-05
27,32,3.706318140029907e-05
27,33,3.7435710430145264e-05
27,34,3.7552177906036374e-05
27,35,3.7400662899017336e-05
27,36,3.7477672100067136e-05
27,37,3.763920068740845e-05
27,38,3.831112384796143e-05
27,39,3.867721557617187e-05
27,40,3.832501173019409e-05
27,41,3.911417722702026e-05
27,42,3.943866491317749e-05
27,43,3.917050361633301e-05
27,44,3.945624828338623e-05
27,45,3.911739587783813e-05
27,46,4.020196199417114e-05
27,47,4.076170921325684e-05
27,48,4.0374696254730225e-05
27,49,4.031950235366821e-05
27,50,4.1119694709777833e-05
28,1,1.0799944400787354e-05
28,2,1.31722092628479e-05
28,3,1.6276240348815918e-05
28,4,1.9087851047515868e-05
28,5,2.163654565811157e-05
28,6,2.4437427520751954e-05
28,7,2.7537226676940917e-05
28,8,2.98272967338562e-05
28,9,3.26915979385376e-05
28,10,3.528439998626709e-05
28,11,3.2302439212799075e-05
28,12,3.2682120800018314e-05
28,13,3.276699781417847e-05
28,14,3.282636404037476e-05
28,15,3.372591733932495e-05
28,16,5.864608287811279e-05
28,17,3.340494632720947e-05
28,18,3.367859125137329e-05
28,19,3.4304440021514893e-05
28,20,3.4529149532318115e-05
28,21,3.490018844604492e-05
28,22,3.63127589225769e-05
28,23,3.523612022399902e-05
28,24,3.536510467529297e-05
28,25,3.507310152053833e-05
28,26,3.661483526229858e-05
28,27,3.6261856555938724e-05
28,28,3.5962283611297606e-05
28,29,3.651905059814453e-05
28,30,3.6570489406585696e-05
28,31,3.705453872680664e-05
28,32,3.69948148727417e-05
28,33,3.750532865524292e-05
28,34,3.770500421524048e-05
28,35,3.803938627243042e-05
28,36,3.734618425369263e-05
28,37,3.818947076797485e-05
28,38,3.842991590499878e-05
28,39,3.8958489894866944e-05
28,40,3.8868308067321776e-05
28,41,6.320136785507203e-05
28,42,3.9292454719543455e-05
28,43,3.951799869537353e-05
28,44,3.9493203163146973e-05
28,45,3.966259956359863e-05
28,46,3.9875626564025876e-05
28,47,4.0210843086242674e-05
28,48,3.969800472259522e-05
28,49,4.0559113025665286e-05
28,50,4.094564914703369e-05
29,1,1.059412956237793e-05
29,2,1.4569103717803955e-05
29,3,1.6150355339050295e-05
29,4,1.8753588199615477e-05
29,5,2.190709114074707e-05
29,6,2.5138795375823975e-05
29,7,2.80802845954895e-05
29,8,2.971494197845459e-05
29,9,3.0723631381988525e-05
29,10,3.200674057006836e-05
29,11,3.222453594207764e-05
29,12,3.2721519470214844e-05
29,13,3.269302845001221e-05
29,14,3.299200534820557e-05
29,15,3.38398814201355e-05
29,16,3.3417582511901855e-05
29,17,3.356224298477173e-05
29,18,3.478378057479859e-05
29,19,3.4261107444763186e-05
29,20,3.404337167739868e-05
29,21,3.436017036437988e-05
29,22,3.5042226314544674e-05
29,23,5.913299322128296e-05
29,24,3.486758470535278e-05
29,25,3.568226099014282e-05
29,26,3.5682082176208494e-05
29,27,3.6348462104797365e-05
29,28,3.614795207977295e-05
29,29,3.668922185897827e-05
29,30,3.670281171798706e-05
29,31,3.667724132537842e-05
29,32,3.6522924900054934e-05
29,33,3.727436065673828e-05
29,34,3.739547729492188e-05
29,35,3.736662864685059e-05
29,36,3.717511892318726e-05
29,37,3.806787729263306e-05
29,38,3.771591186523438e-05
29,39,3.8120269775390626e-05
29,40,3.816318511962891e-05
29,41,3.89711856842041e-05
29,42,3.9146125316619875e-05
29,43,3.9744555950164795e-05
29,44,3.8932383060455324e-05
29,45,3.9650917053222655e-05
29,46,3.979885578155518e-05
29,47,4.0319979190826416e-05
29,48,6.332778930664062e-05
29,49,4.053843021392822e-05
29,50,4.0453553199768065e-05
30,1,1.0593295097351074e-05
30,2,1.3448417186737061e-05
30,3,1.636582612991333e-05
30,4,1.877593994140625e-05
30,5,2.1711468696594237e-05
30,6,2.458292245864868e-05
30,7,2.728217840194702e-05
30,8,2.911907434463501e-05
30,9,3.0471622943878173e-05
30,10,3.118824958801269e-05
30,11,3.148460388183594e-05
30,12,3.12996506690979e-05
30,13,3.198039531707764e-05
30,14,3.282123804092407e-05
30,15,3.276216983795166e-05
30,16,3.308659791946411e-05
30,17,3.332459926605225e-05
30,18,3.371959924697876e-05
30,19,3.436142206192017e-05
30,20,3.45306396484375e-05
30,21,3.472048044204712e-05
30,22,3.4658074378967286e-05
30,23,3.54737639427185e-05
30,24,3.568524122238159e-05
30,25,3.5281538963317874e-05
30,26,3.6497533321380615e-05
30,27,3.612101078033447e-05
30,28,3.584223985671997e-05
30,29,3.6662280559539795e-05
30,30,3.639119863510132e-05
30,31,3.69223952293396e-05
30,32,3.6613821983337404e-05
30,33,3.748458623886108e-05
30,34,6.22096061706543e-05
30,35,3.7372708320617675e-05
30,36,3.8011848926544186e-05
30,37,3.770148754119873e-05
30,38,3.840678930282593e-05
30,39,3.904122114181519e-05
30,40,3.827756643295288e-05
30,41,3.86626124382019e-05
30,42,3.917902708053589e-05
30,43,3.900450468063354e-05
30,44,3.935718536376953e-05
30,45,3.9889693260192874e-05
30,46,4.005831480026245e-05
30,47,4.004836082458496e-05
30,48,3.977072238922119e-05
30,49,4.094189405441284e-05
30,50,4.057037830352783e-05
31,1,1.039576530456543e-05
31,2,1.320350170135498e-05
31,3,1.6620278358459472e-05
31,4,1.9054651260375978e-05
31,5,2.2327661514282227e-05
31,6,2.537304162979126e-05
31,7,2.836322784423828e-05
31,8,3.0261695384979248e-05
31,9,3.125107288360596e-05
31,10,3.203475475311279e-05
31,11,3.211617469787598e-05
31,12,3.2675802707672116e-05
31,13,3.27601432800293e-05
31,14,3.336548805236816e-05
31,15,5.780899524688721e-05
31,16,3.368628025054932e-05
31,17,3.39239239692688e-05
31,18,3.396034240722656e-05
31,19,3.421449661254883e-05
31,20,3.4724116325378415e-05
31,21,3.4386932849884035e-05
31,22,3.492134809494019e-05
31,23,3.4729719161987305e-05
31,24,3.5263001918792725e-05
31,25,3.531283140182495e-05
31,26,3.606438636779785e-05
31,27,3.625690937042236e-05
31,28,3.574049472808838e-05
31,29,3.622573614120484e-05
31,30,3.604567050933838e-05
31,31,3.630751371383667e-05
31,32,3.689515590667725e-05
31,33,3.716140985488892e-05
31,34,3.7005066871643065e-05
31,35,3.797429800033569e-05
31,36,3.7302494049072265e-05
31,37,3.769385814666748e-05
31,38,3.780955076217652e-05
31,39,3.845161199569702e-05
31,40,3.864043951034546e-05
31,41,3.850418329238892e-05
31,42,3.873378038406372e-05
31,43,6.584751605987549e-05
31,44,3.896009922027588e-05
31,45,3.964781761169433e-05
31,46,4.0014088153839114e-05
31,47,4.034322500228882e-05
31,48,4.012113809585571e-05
31,49,4.0295839309692384e-05
31,50,4.0859341621398924e-05
32,1,1.0793447494506836e-05
32,2,1.287364959716797e-05
32,3,1.62583589553833e-05
32,4,1.868504285812378e-05
32,5,2.1489620208740234e-05
32,6,2.4230241775512696e-05
32,7,2.738434076309204e-05
32,8,2.896922826766968e-05
32,9,3.0399560928344725e-05
32,10,3.0832409858703616e-05
32,11,3.1793415546417235e-05
32,12,3.200834989547729e-05
32,13,3.2323300838470457e-05
32,14,3.2653987407684324e-05
32,15,3.3414363861083986e-05
32,16,3.33549976348877e-05
32,17,3.3688485622406e-05
32,18,3.434956073760986e-05
32,19,3.452324867248535e-05
32,20,3.430414199829102e-05
32,21,3.456109762191773e-05
32,22,3.512120246887207e-05
32,23,3.4818470478057864e-05
32,24,3.508412837982178e-05
32,25,3.594362735748291e-05
32,26,3.5864293575286864e-05
32,27,3.58353853225708e-05
32,28,3.6512255668640134e-05
32,29,6.220602989196777e-05
32,30,3.661268949508667e-05
32,31,3.680211305618286e-05
32,32,3.64760160446167e-05
32,33,3.693723678588867e-05
32,34,3.721743822097778e-05
32,35,3.758704662322998e-05
32,36,3.806918859481812e-05
32,37,3.8494765758514406e-05
32,38,3.812098503112793e-05
32,39,3.86083722114563e-05
32,40,3.8689911365509035e-05
32,41,3.907597064971924e-05
32,42,3.918308019638062e-05
32,43,3.893142938613891e-05
32,44,3.902828693389892e-05
32,45,3.991961479187012e-05
32,46,3.9503276348114013e-05
32,47,3.99925708770752e-05
32,48,3.9763331413269046e-05
32,49,4.031389951705933e-05
32,50,4.017388820648193e-05
33,1,1.1196613311767579e-05
33,2,1.3073265552520752e-05
33,3,1.5879988670349123e-05
33,4,1.8502235412597656e-05
33,5,2.0904481410980224e-05
33,6,2.3613154888153077e-05
33,7,2.638310194015503e-05
33,8,2.833956480026245e-05
33,9,3.033411502838135e-05
33,10,3.1069695949554445e-05
33,11,3.212285041809082e-05
33,12,3.253990411758423e-05
33,13,3.322160243988037e-05
33,14,3.277599811553955e-05
33,15,3.3204197883605954e-05
33,16,3.387302160263061e-05
33,17,5.9151291847229004e-05
33,18,3.38895320892334e-05
33,19,3.468817472457886e-05
33,20,3.4208476543426514e-05
33,21,3.502035140991211e-05
33,22,3.505861759185791e-05
33,23,3.537845611572266e-05
33,24,3.547835350036621e-05
33,25,3.573012351989746e-05
33,26,3.558647632598877e-05
33,27,3.583008050918579e-05
33,28,3.637659549713135e-05
33,29,3.615117073059082e-05
33,30,3.665405511856079e-05
33,31,3.6307036876678465e-05
33,32,3.668308258056641e-05
33,33,3.7606954574584964e-05
33,34,3.7044525146484376e-05
33,35,3.80101203918457e-05
33,36,3.8109958171844484e-05
33,37,3.8377165794372557e-05
33,38,3.8197100162506104e-05
33,39,3.855210542678833e-05
33,40,3.8164913654327395e-05
33,41,3.924119472503662e-05
33,42,3.877842426300049e-05
33,43,3.91492247581482e-05
33,44,3.908026218414307e-05
33,45,6.324422359466552e-05
33,46,3.9857983589172364e-05
33,47,3.9765655994415286e-05
33,48,3.9870798587799075e-05
33,49,4.058009386062622e-05
33,50,4.0134727954864505e-05
34,1,1.1134803295135498e-05
34,2,1.3659536838531495e-05
34,3,1.689225435256958e-05
34,4,1.9337654113769532e-05
34,5,2.2515535354614257e-05
34,6,2.6022374629974367e-05
34,7,2.9136836528778075e-05
34,8,3.1010806560516356e-05
34,9,3.1620025634765624e-05
34,10,3.23786735534668e-05
34,11,3.21928858757019e-05
34,12,3.300046920776367e-05
34,13,3.3408939838409425e-05
34,14,3.3224582672119144e-05
34,15,3.378564119338989e-05
34,16,3.373312950134277e-05
34,17,3.371387720108032e-05
34,18,3.389662504196167e-05
34,19,3.501129150390625e-05
34,20,3.4220397472381595e-05
34,21,3.464359045028686e-05
34,22,3.512781858444214e-05
34,23,3.520399332046509e-05
34,24,3.468316793441772e-05
34,25,3.513836860656738e-05
34,26,5.977827310562134e-05
34,27,3.594523668289185e-05
34,28,3.566384315490723e-05
34,29,3.6590576171875e-05
34,30,3.598928451538086e-05
34,31,3.6473572254180905e-05
34,32,3.633451461791992e-05
34,33,3.7251710891723634e-05
34,34,3.7192821502685545e-05
34,35,3.756147623062134e-05
34,36,3.7348806858062746e-05
34,37,3.760796785354614e-05
34,38,3.778785467147827e-05
34,39,3.8478314876556395e-05
34,40,3.823912143707276e-05
34,41,3.866475820541382e-05
34,42,3.947901725769043e-05
34,43,3.943067789077759e-05
34,44,3.935933113098145e-05
34,45,3.934997320175171e-05
34,46,3.9244413375854494e-05
34,47,3.9812445640563965e-05
34,48,3.97612452507019e-05
34,49,4.0170013904571535e-05
34,50,6.365925073623658e-05
35,1,1.0784566402435303e-05
35,2,1.2909293174743652e-05
35,3,1.529860496520996e-05
35,4,1.7592072486877442e-05
35,5,2.0677864551544188e-05
35,6,2.2813737392425536e-05
35,7,2.5402307510375977e-05
35,8,2.7455568313598632e-05
35,9,2.858150005340576e-05
35,10,2.9225170612335206e-05
35,11,3.0196189880371094e-05
35,12,3.0669450759887695e-05
35,13,3.164750337600708e-05
35,14,3.1932532787323e-05
35,15,3.240710496902466e-05
35,16,3.270095586776733e-05
35,17,3.361207246780396e-05
35,18,3.3574938774108886e-05
35,19,3.418564796447754e-05
35,20,3.383767604827881e-05
35,21,3.426504135131836e-05
35,22,3.443431854248047e-05
35,23,3.483784198760986e-05
35,24,3.498530387878418e-05
35,25,3.5145103931427e-05
35,26,3.5949110984802245e-05
35,27,3.609651327133179e-05
35,28,3.5755813121795657e-05
35,29,3.60444188117981e-05
35,30,3.6173999309539795e-05
35,31,3.6543428897857665e-05
35,32,3.676807880401611e-05
35,33,3.718030452728272e-05
35,34,3.7261068820953366e-05
35,35,3.780728578567505e-05
35,36,6.388163566589356e-05
35,37,3.8191139698028564e-05
35,38,3.857421875e-05
35,39,3.893935680389404e-05
35,40,3.867465257644653e-05
35,41,3.910189867019653e-05
35,42,4.069864749908447e-05
35,43,4.054886102676392e-05
35,44,3.961986303329468e-05
35,45,3.9515197277069094e-05
35,46,3.977835178375244e-05
35,47,3.9874732494354246e-05
35,48,4.039585590362549e-05
35,49,4.030907154083252e-05
35,50,4.039067029953003e-05
36,1,1.0542392730712891e-05
36,2,1.35575532913208e-05
36,3,1.6332268714904785e-05
36,4,1.89480185508728e-05
36,5,2.1856248378753663e-05
36,6,2.516597509384155e-05
36,7,2.8081774711608888e-05
36,8,2.982485294342041e-05
36,9,3.110235929489136e-05
36,10,3.217053413391113e-05
36,11,3.214585781097412e-05
36,12,3.2601118087768556e-05
36,13,3.273087739944458e-05
36,14,3.308969736099243e-05
36,15,3.3738374710083005e-05
36,16,5.9393644332885744e-05
36,17,3.3612608909606936e-05
36,18,3.382039070129395e-05
36,19,3.4328401088714596e-05
36,20,3.4043192863464354e-05
36,21,3.4950077533721924e-05
36,22,3.471481800079346e-05
36,23,3.4799933433532715e-05
36,24,3.4761905670166014e-05
36,25,3.568059206008911e-05
36,26,3.5557150840759275e-05
36,27,3.5822033882141115e-05
36,28,3.550022840499878e-05
36,29,3.608715534210205e-05
36,30,3.623175621032715e-05
36,31,3.65302562713623e-05
36,32,3.6564171314239505e-05
36,33,3.708934783935547e-05
36,34,3.735780715942383e-05
36,35,3.803914785385132e-05
36,36,3.7683308124542237e-05
36,37,3.80784273147583e-05
36,38,3.871893882751465e-05
36,39,3.8659453392028806e-05
36,40,3.895121812820435e-05
36,41,6.568408012390137e-05
36,42,3.8990199565887454e-05
36,43,3.926265239715576e-05
36,44,3.938359022140503e-05
36,45,3.933829069137573e-05
36,46,3.977501392364502e-05
36,47,4.0231406688690186e-05
36,48,4.028785228729248e-05
36,49,4.036110639572144e-05
36,50,4.0719270706176755e-05
37,1,1.0444045066833497e-05
37,2,1.2804210186004638e-05
37,3,1.601684093475342e-05
37,4,1.8436908721923828e-05
37,5,2.133595943450928e-05
37,6,2.413862943649292e-05
37,7,2.7269721031188964e-05
37,8,2.8962552547454834e-05
37,9,3.118234872817993e-05
37,10,3.182917833328247e-05
37,11,3.2703042030334476e-05
37,12,3.267228603363037e-05
37,13,3.28642725944519e-05
37,14,3.3589303493499754e-05
37,15,3.342241048812866e-05
37,16,3.3470869064331055e-05
37,17,3.375518321990967e-05
37,18,3.453952074050903e-05
37,19,3.4529149532318115e-05
37,20,3.4908711910247806e-05
37,21,3.581511974334717e-05
37,22,3.4645795822143554e-05
37,23,3.504252433776856e-05
37,24,3.4960687160491944e-05
37,25,6.144094467163086e-05
37,26,3.5849571228027345e-05
37,27,3.646665811538696e-05
37,28,3.6171674728393556e-05
37,29,3.650099039077759e-05
37,30,3.621876239776611e-05
37,31,3.7054717540740964e-05
37,32,3.721034526824951e-05
37,33,3.692328929901123e-05
37,34,3.806579113006592e-05
37,35,3.7364065647125245e-05
37,36,3.758466243743897e-05
37,37,3.781169652938843e-05
37,38,3.8552701473236085e-05
37,39,3.863394260406494e-05
37,40,3.880578279495239e-05
37,41,3.963315486907959e-05
37,42,3.872168064117432e-05
37,43,3.907603025436401e-05
37,44,3.944551944732666e-05
37,45,3.982222080230713e-05
37,46,3.9467692375183106e-05
37,47,4.047548770904541e-05
37,48,3.983110189437866e-05
37,49,4.0779054164886474e-05
37,50,4.080277681350708e-05
38,1,1.1775314807891845e-05
38,2,1.3424038887023925e-05
38,3,1.6328513622283936e-05
38,4,1.9169867038726808e-05
38,5,2.2360146045684816e-05
38,6,2.514106035232544e-05
38,7,2.766662836074829e-05
38,8,2.9715180397033692e-05
38,9,5.631738901138306e-05
38,10,3.1905591487884524e-05
38,11,3.193199634552002e-05
38,12,3.24363112449646e-05
38,13,3.33213210105896e-05
38,14,3.299528360366821e-05
38,15,3.311216831207275e-05
38,16,3.4155070781707766e-05
38,17,3.430670499801636e-05
38,18,3.439927101135254e-05
38,19,3.4728467464447024e-05
38,20,3.4301221370697024e-05
38,21,3.4869074821472166e-05
38,22,3.502655029296875e-05
38,23,3.5404324531555175e-05
38,24,3.544729948043823e-05
38,25,3.542518615722656e-05
38,26,3.578829765319824e-05
38,27,3.6311328411102293e-05
38,28,3.593200445175171e-05
38,29,3.670793771743774e-05
38,30,3.690105676651001e-05
38,31,3.654557466506958e-05
38,32,3.7260234355926516e-05
38,33,3.752440214157104e-05
38,34,3.761923313140869e-05
38,35,6.206274032592773e-05
38,36,3.7773847579956055e-05
38,37,3.7861347198486326e-05
38,38,3.7767887115478515e-05
38,39,3.865337371826172e-05
38,40,3.816032409667969e-05
38,41,3.8653671741485594e-05
38,42,3.909754753112793e-05
38,43,3.939884901046753e-05
38,44,3.967636823654175e-05
38,45,3.977829217910767e-05
38,46,3.952813148498535e-05
38,47,4.035007953643799e-05
38,48,4.026836156845093e-05
38,49,4.0718674659729e-05
38,50,4.066568613052368e-05
39,1,1.1025846004486084e-05
39,2,1.3276040554046632e-05
39,3,1.6387879848480224e-05
39,4,1.8713772296905516e-05
39,5,2.1947383880615235e-05
39,6,2.5120198726654053e-05
39,7,2.7929186820983887e-05
39,8,2.9433250427246093e-05
39,9,3.1121671199798583e-05
39,10,3.138989210128784e-05
39,11,3.1569838523864746e-05
39,12,3.237956762313843e-05
39,13,3.250640630722046e-05
39,14,3.2969653606414796e-05
39,15,3.3571362495422366e-05
39,16,5.808669328689575e-05
39,17,3.4024834632873534e-05
39,18,3.376483917236328e-05
39,19,3.4173190593719483e-05
39,20,3.454887866973877e-05
39,21,3.4573435783386233e-05
39,22,3.488874435424805e-05
39,23,3.473776578903198e-05
39,24,3.4901678562164306e-05
39,25,3.555279970169067e-05
39,26,3.612285852432251e-05
39,27,3.636467456817627e-05
39,28,3.5640895366668704e-05
39,29,3.650695085525513e-05
39,30,3.603965044021606e-05
39,31,3.645622730255127e-05
39,32,3.700572252273559e-05
39,33,3.775948286056519e-05
39,34,3.714364767074585e-05
39,35,3.792351484298706e-05
39,36,3.783422708511353e-05
39,37,3.7762880325317385e-05
39,38,3.8397133350372315e-05
39,39,3.888046741485596e-05
39,40,3.844887018203736e-05
39,41,3.857165575027466e-05
39,42,3.9566516876220705e-05
39,43,3.949892520904541e-05
39,44,3.954231739044189e-05
39,45,6.346195936203002e-05
39,46,3.94105315208435e-05
39,47,3.984761238098145e-05
39,48,3.9754807949066163e-05
39,49,4.0720701217651364e-05
39,50,4.0978193283081055e-05
40,1,1.1092066764831543e-05
40,2,1.3303220272064209e-05
40,3,1.6222834587097167e-05
40,4,1.8962204456329345e-05
40,5,2.2056996822357178e-05
40,6,2.5230586528778075e-05
40,7,2.8330743312835692e-05
40,8,3.0163824558258057e-05
40,9,3.137695789337158e-05
40,10,3.232121467590332e-05
40,11,3.241682052612305e-05
40,12,3.278124332427978e-05
40,13,3.331559896469116e-05
40,14,3.330141305923462e-05
40,15,3.33138108253479e-05
40,16,3.3422112464904786e-05
40,17,3.3689260482788085e-05
40,18,3.4435510635375975e-05
40,19,3.448420763015747e-05
40,20,3.491580486297607e-05
40,21,3.52245569229126e-05
40,22,3.4525513648986814e-05
40,23,3.5072505474090575e-05
40,24,3.548562526702881e-05
40,25,3.5459041595458984e-05
40,26,3.6145389080047606e-05
40,27,6.213545799255371e-05
40,28,3.5846292972564695e-05
40,29,3.670966625213623e-05
40,30,3.670245409011841e-05
40,31,3.730815649032593e-05
40,32,3.6877095699310306e-05
40,33,3.7447571754455564e-05
40,34,3.724819421768189e-05
40,35,3.828716278076172e-05
40,36,3.760582208633423e-05
40,37,3.8649022579193115e-05
40,38,3.800719976425171e-05
40,39,3.839653730392456e-05
40,40,3.889936208724976e-05
40,41,3.870648145675659e-05
40,42,3.962850570678711e-05
40,43,3.9550840854644775e-05
40,44,3.9091408252716066e-05
40,45,3.991425037384033e-05
40,46,3.9477050304412845e-05
40,47,4.013216495513916e-05
40,48,4.040724039077759e-05
40,49,4.036527872085571e-05
40,50,4.068291187286377e-05
41,1,1.1427998542785644e-05
41,2,1.3187706470489501e-05
41,3,1.6093671321868897e-05
41,4,1.8793940544128418e-05
41,5,2.1401584148406984e-05
41,6,2.3994207382202147e-05
41,7,2.6372432708740235e-05
41,8,2.8529345989227293e-05
41,9,3.0465960502624513e-05
41,10,5.645507574081421e-05
41,11,3.20054292678833e-05
41,12,3.24249267578125e-05
41,13,3.239810466766357e-05
41,14,3.2768547534942626e-05
41,15,3.3119618892669676e-05
41,16,3.292864561080933e-05
41,17,3.329664468765259e-05
41,18,3.403776884078979e-05
41,19,3.438848257064819e-05
41,20,3.4451901912689206e-05
41,21,3.4378230571746824e-05
41,22,3.485006093978882e-05
41,23,3.466016054153442e-05
41,24,3.469228744506836e-05
41,25,3.558945655822754e-05
41,26,3.601449728012085e-05
41,27,3.644865751266479e-05
41,28,3.6360681056976315e-05
41,29,3.64372730255127e-05
41,30,3.6146998405456545e-05
41,31,3.657466173171997e-05
41,32,3.6594927310943604e-05
41,33,3.7557423114776614e-05
41,34,3.700047731399536e-05
41,35,3.746771812438965e-05
41,36,6.279093027114869e-05
41,37,3.8213491439819335e-05
41,38,3.815746307373047e-05
41,39,3.888028860092163e-05
41,40,3.906106948852539e-05
41,41,3.856176137924194e-05
41,42,3.9487659931182864e-05
41,43,3.960651159286499e-05
41,44,3.9664089679718016e-05
41,45,3.99358868598938e-05
41,46,3.992503881454468e-05
41,47,4.0241122245788575e-05
41,48,4.068970680236816e-05
41,49,4.071241617202759e-05
41,50,4.08623218536377e-05
42,1,1.071876287460327e-05
42,2,1.3615071773529053e-05
42,3,1.693606376647949e-05
42,4,1.9518375396728516e-05
42,5,2.2798001766204835e-05
42,6,2.6395857334136962e-05
42,7,2.9273927211761474e-05
42,8,3.061139583587646e-05
42,9,3.182697296142578e-05
42,10,3.260588645935058e-05
42,11,3.3153772354125974e-05
42,12,3.303200006484985e-05
42,13,3.286856412887573e-05
42,14,3.334420919418335e-05
42,15,3.384155035018921e-05
42,16,3.370922803878784e-05
42,17,5.925387144088745e-05
42,18,3.386938571929932e-05
42,19,3.489178419113159e-05
42,20,3.474503755569458e-05
42,21,3.497958183288574e-05
42,22,3.441697359085083e-05
42,23,3.477025032043457e-05
42,24,3.54270339012146e-05
42,25,3.580576181411743e-05
42,26,3.587919473648071e-05
42,27,3.6923468112945554e-05
42,28,3.6265432834625244e-05
42,29,3.65830659866333e-05
42,30,3.613299131393433e-05
42,31,3.6760032176971435e-05
42,32,3.713351488113403e-05
42,33,3.691059350967407e-05
42,34,3.724312782287598e-05
42,35,3.755801916122437e-05
42,36,3.741997480392456e-05
42,37,3.798747062683105e-05
42,38,3.8507282733917234e-05
42,39,3.8431882858276366e-05
42,40,3.859388828277588e-05
42,41,3.909087181091309e-05
42,42,6.433504819869995e-05
42,43,3.9283335208892826e-05
42,44,3.95779013633728e-05
42,45,3.9797663688659666e-05
42,46,4.009610414505005e-05
42,47,3.9705634117126463e-05
42,48,4.041439294815064e-05
42,49,4.073333740234375e-05
42,50,4.0493190288543705e-05
43,1,1.0862946510314941e-05
43,2,1.3711869716644287e-05
43,3,1.68343186378479e-05
43,4,1.9140422344207763e-05
43,5,2.2290349006652834e-05
43,6,2.556145191192627e-05
43,7,2.8586328029632568e-05
43,8,3.057873249053955e-05
43,9,3.182864189147949e-05
43,10,3.2522618770599366e-05
43,11,3.297311067581177e-05
43,12,3.296619653701782e-05
43,13,3.318667411804199e-05
43,14,3.3218085765838624e-05
43,15,3.311449289321899e-05
43,16,3.320324420928955e-05
43,17,3.3937573432922366e-05
43,18,3.453159332275391e-05
43,19,3.432291746139526e-05
43,20,3.472292423248291e-05
43,21,3.445643186569214e-05
43,22,3.498512506484985e-05
43,23,5.959659814834595e-05
43,24,3.5633385181427e-05
43,25,3.566420078277588e-05
43,26,3.5678863525390624e-05
43,27,3.6497175693511964e-05
43,28,3.6112964153289795e-05
43,29,3.6044955253601076e-05
43,30,3.667914867401123e-05
43,31,3.6530137062072755e-05
43,32,3.665822744369507e-05
43,33,3.706598281860352e-05
43,34,3.713333606719971e-05
43,35,3.746926784515381e-05
43,36,3.750830888748169e-05
43,37,3.817129135131836e-05
43,38,3.845715522766113e-05
43,39,3.8230061531066895e-05
43,40,3.878360986709595e-05
43,41,3.868365287780762e-05
43,42,3.910195827484131e-05
43,43,3.986334800720215e-05
43,44,3.953778743743896e-05
43,45,3.977113962173462e-05
43,46,3.9915382862091063e-05
43,47,3.9810121059417726e-05
43,48,3.982752561569214e-05
43,49,6.445705890655518e-05
43,50,4.1045546531677246e-05
44,1,1.0649561882019042e-05
44,2,1.3553857803344726e-05
44,3,1.6816198825836183e-05
44,4,1.9298672676086427e-05
44,5,2.2270441055297853e-05
44,6,2.5693655014038085e-05
44,7,2.841496467590332e-05
44,8,3.085654973983765e-05
44,9,3.2108843326568604e-05
44,10,3.2369375228881835e-05
44,11,3.281569480895996e-05
44,12,3.271764516830444e-05
44,13,3.3285021781921384e-05
44,14,3.277671337127686e-05
44,15,3.3094584941864014e-05
44,16,3.386986255645752e-05
44,17,3.415262699127197e-05
44,18,3.4013509750366214e-05
44,19,3.426080942153931e-05
44,20,3.4507036209106446e-05
44,21,3.513813018798828e-05
44,22,3.470385074615479e-05
44,23,3.494518995285034e-05
44,24,3.547191619873047e-05
44,25,3.568631410598755e-05
44,26,3.6183714866638184e-05
44,27,3.616225719451904e-05
44,28,3.577190637588501e-05
44,29,3.6100685596466063e-05
44,30,3.6365807056427e-05
44,31,6.038898229598999e-05
44,32,3.67928147315979e-05
44,33,3.794759511947632e-05
44,34,3.72849702835083e-05
44,35,3.779691457748413e-05
44,36,3.8122177124023434e-05
44,37,3.787094354629517e-05
44,38,3.8580775260925294e-05
44,39,3.82082462310791e-05
44,40,3.88028621673584e-05
44,41,3.8439452648162844e-05
44,42,3.936690092086792e-05
44,43,4.003709554672241e-05
44,44,3.957301378250122e-05
44,45,3.977054357528687e-05
44,46,3.9981842041015625e-05
44,47,3.965842723846435e-05
44,48,4.0476441383361816e-05
44,49,4.0226519107818604e-05
44,50,4.123967885971069e-05
45,1,1.1156558990478515e-05
45,2,1.4389395713806152e-05
45,3,1.653403043746948e-05
45,4,1.9145071506500245e-05
45,5,2.21899151802063e-05
45,6,2.553659677505493e-05
45,7,2.7916669845581053e-05
45,8,3.027534484863281e-05
45,9,3.1268954277038574e-05
45,10,3.210532665252686e-05
45,11,3.239434957504272e-05
45,12,3.2712340354919434e-05
45,13,5.6767523288726804e-05
45,14,3.32784652709961e-05
45,15,3.312063217163086e-05
45,16,3.32181453704834e-05
45,17,3.3666372299194334e-05
45,18,3.4419894218444826e-05
45,19,3.47328782081604e-05
45,20,3.4644782543182376e-05
45,21,3.4914612770080565e-05
45,22,3.458058834075928e-05
45,23,3.5456001758575437e-05
45,24,3.568434715270996e-05
45,25,3.574228286743164e-05
45,26,3.605782985687256e-05
45,27,3.6566495895385744e-05
45,28,3.654170036315918e-05
45,29,3.669458627700806e-05
45,30,3.687030076980591e-05
45,31,3.7239253520965574e-05
45,32,3.7251710891723634e-05
45,33,3.806692361831665e-05
45,34,3.7732958793640135e-05
45,35,3.7994563579559325e-05
45,36,3.825068473815918e-05
45,37,3.826522827148438e-05
45,38,3.880000114440918e-05
45,39,6.231486797332764e-05
45,40,3.8452565670013425e-05
45,41,3.922110795974731e-05
45,42,3.988635540008545e-05
45,43,4.0027201175689695e-05
45,44,3.889268636703491e-05
45,45,3.938442468643188e-05
45,46,3.9443135261535643e-05
45,47,3.987252712249756e-05
45,48,4.027467966079712e-05
45,49,4.039502143859863e-05
45,50,4.079580307006836e-05
46,1,1.1548817157745362e-05
46,2,1.3919293880462646e-05
46,3,1.6010522842407228e-05
46,4,1.8524587154388428e-05
46,5,2.111607789993286e-05
46,6,2.4064481258392335e-05
46,7,2.6530086994171143e-05
46,8,2.8545916080474853e-05
46,9,3.0123412609100342e-05
46,10,3.085500001907348e-05
46,11,3.1187951564788816e-05
46,12,3.177577257156372e-05
46,13,3.232830762863159e-05
46,14,3.22113037109375e-05
46,15,3.316265344619751e-05
46,16,3.3424973487854005e-05
46,17,3.381901979446411e-05
46,18,3.367137908935547e-05
46,19,3.413301706314087e-05
46,20,3.4402906894683835e-05
46,21,3.4968435764312744e-05
46,22,3.486478328704834e-05
46,23,3.485184907913208e-05
46,24,3.486573696136475e-05
46,25,6.043100357055664e-05
46,26,3.6145389080047606e-05
46,27,3.6168456077575686e-05
46,28,3.54769229888916e-05
46,29,3.5915493965148926e-05
46,30,3.6585390567779544e-05
46,31,3.714841604232788e-05
46,32,3.6404788494110105e-05
46,33,3.7004888057708744e-05
46,34,3.749054670333862e-05
46,35,3.749483823776245e-05
46,36,3.736257553100586e-05
46,37,3.83259654045105e-05
46,38,3.7878096103668215e-05
46,39,3.8954198360443116e-05
46,40,3.838324546813965e-05
46,41,3.9009273052215575e-05
46,42,3.9270699024200437e-05
46,43,3.9697349071502684e-05
46,44,3.912699222564697e-05
46,45,3.9273619651794436e-05
46,46,3.945744037628174e-05
46,47,3.991007804870606e-05
46,48,3.983384370803833e-05
46,49,4.071325063705444e-05
46,50,4.048389196395874e-05
47,1,1.0227739810943603e-05
47,2,1.3790249824523925e-05
47,3,1.5643179416656495e-05
47,4,1.7759084701538085e-05
47,5,2.0535469055175782e-05
47,6,2.2922813892364503e-05
47,7,2.558392286300659e-05
47,8,2.7587652206420898e-05
47,9,2.9218554496765138e-05
47,10,2.9971480369567872e-05
47,11,3.09147834777832e-05
47,12,5.4527461528778074e-05
47,13,3.119707107543945e-05
47,14,3.196316957473755e-05
47,15,3.266507387161255e-05
47,16,3.289783000946045e-05
47,17,3.2917797565460205e-05
47,18,3.3810615539550784e-05
47,19,3.372019529342651e-05
47,20,3.3929288387298586e-05
47,21,3.424769639968872e-05
47,22,3.439295291900635e-05
47,23,3.517758846282959e-05
47,24,3.478306531906128e-05
47,25,3.547799587249756e-05
47,26,3.615206480026245e-05
47,27,3.6456704139709476e-05
47,28,3.580611944198608e-05
47,29,3.602808713912964e-05
47,30,3.622937202453613e-05
47,31,3.70979905128479e-05
47,32,3.7206351757049564e-05
47,33,3.773719072341919e-05
47,34,3.7767529487609864e-05
47,35,3.829789161682129e-05
47,36,3.824746608734131e-05
47,37,3.867274522781372e-05
47,38,6.144601106643677e-05
47,39,3.8777947425842286e-05
47,40,3.876900672912598e-05
47,41,3.859436511993408e-05
47,42,3.910189867019653e-05
47,43,3.988653421401977e-05
47,44,3.91809344291687e-05
47,45,3.9424121379852296e-05
47,46,3.9512693881988526e-05
47,47,4.0066778659820553e-05
47,48,3.987628221511841e-05
47,49,4.025566577911377e-05
47,50,4.069924354553223e-05
48,1,1.1212944984436036e-05
48,2,1.470571756362915e-05
48,3,1.627171039581299e-05
48,4,1.879417896270752e-05
48,5,2.20528244972229e-05
48,6,2.5382816791534424e-05
48,7,2.821648120880127e-05
48,8,3.0032992362976074e-05
48,9,3.139889240264892e-05
48,10,3.141671419143677e-05
48,11,3.225803375244141e-05
48,12,3.262656927108765e-05
48,13,3.265517950057984e-05
48,14,3.2684087753295896e-05
48,15,3.365278244018555e-05
48,16,3.320848941802978e-05
48,17,3.4037292003631594e-05
48,18,5.7994544506072996e-05
48,19,3.452712297439575e-05
48,20,3.406620025634765e-05
48,21,3.4818112850189206e-05
48,22,3.511255979537964e-05
48,23,3.532940149307251e-05
48,24,3.4862935543060304e-05
48,25,3.5148322582244875e-05
48,26,3.623604774475098e-05
48,27,3.600263595581055e-05
48,28,3.585797548294067e-05
48,29,3.597193956375122e-05
48,30,3.67051362991333e-05
48,31,3.6437392234802245e-05
48,32,3.711462020874023e-05
48,33,3.685790300369263e-05
48,34,3.721022605895996e-05
48,35,3.743630647659302e-05
48,36,3.736919164657593e-05
48,37,3.82649302482605e-05
48,38,3.790730237960816e-05
48,39,3.817653656005859e-05
48,40,3.871721029281616e-05
48,41,3.828054666519165e-05
48,42,6.289362907409668e-05
48,43,3.9164841175079346e-05
48,44,3.889632225036621e-05
48,45,3.9714336395263675e-05
48,46,3.990471363067627e-05
48,47,4.0214657783508304e-05
48,48,3.9836227893829346e-05
48,49,4.014003276824951e-05
48,50,4.0449082851409915e-05
49,1,1.058119535446167e-05
49,2,1.3190329074859619e-05
49,3,1.592540740966797e-05
49,4,1.8224656581878663e-05
49,5,2.1061062812805176e-05
49,6,2.3969531059265136e-05
49,7,2.6878654956817628e-05
49,8,2.8945088386535644e-05
49,9,3.021061420440674e-05
49,10,3.13522219657898e-05
49,11,3.21395993232727e-05
49,12,3.238600492477417e-05
49,13,3.2548904418945315e-05
49,14,3.306585550308228e-05
49,15,3.350645303726196e-05
49,16,3.308093547821045e-05
49,17,3.35426926612854e-05
49,18,3.4357547760009764e-05
49,19,3.483641147613525e-05
49,20,3.42976450920105e-05
49,21,3.49726676940918e-05
49,22,3.506481647491455e-05
49,23,3.464555740356445e-05
49,24,3.523951768875122e-05
49,25,5.9359431266784666e-05
49,26,3.577369451522827e-05
49,27,3.6300718784332274e-05
49,28,3.604423999786377e-05
49,29,3.660440444946289e-05
49,30,3.605151176452637e-05
49,31,3.691840171813965e-05
49,32,3.7059247493743895e-05
49,33,3.750711679458618e-05
49,34,3.741919994354248e-05
49,35,3.7355244159698485e-05
49,36,3.783053159713745e-05
49,37,3.791350126266479e-05
49,38,3.810441493988037e-05
49,39,3.878915309906006e-05
49,40,3.8148820400238034e-05
49,41,3.9069056510925295e-05
49,42,3.945386409759522e-05
49,43,3.988057374954224e-05
49,44,3.945374488830566e-05
49,45,4.046410322189331e-05
49,46,3.9564311504364013e-05
49,47,4.0701448917388914e-05
49,48,4.0701448917388914e-05
49,49,4.072684049606323e-05
49,50,4.051309823989868e-05
50,1,1.1313199996948242e-05
50,2,1.3725936412811279e-05
50,3,1.672232151031494e-05
50,4,1.9278109073638916e-05
50,5,2.231711149215698e-05
50,6,2.5672733783721923e-05
50,7,2.8525650501251222e-05
50,8,3.0373930931091307e-05
50,9,3.1789660453796386e-05
50,10,5.6134939193725587e-05
50,11,3.236448764801025e-05
50,12,3.249526023864746e-05
50,13,3.3030331134796145e-05
50,14,3.28754186630249e-05
50,15,3.3781230449676513e-05
50,16,3.359484672546387e-05
50,17,3.410345315933227e-05
50,18,3.371924161911011e-05
50,19,3.479737043380737e-05
50,20,3.427183628082275e-05
50,21,3.462105989456177e-05
50,22,3.5244107246398926e-05
50,23,3.49656343460083e-05
50,24,3.503793478012085e-05
50,25,3.601813316345215e-05
50,26,3.597152233123779e-05
50,27,3.665614128112793e-05
50,28,3.5921394824981686e-05
50,29,3.6240041255950925e-05
50,30,3.647840023040771e-05
50,31,3.825575113296509e-05
50,32,3.658545017242432e-05
50,33,3.769576549530029e-05
50,34,3.731447458267212e-05
50,35,6.23549222946167e-05
50,36,3.789222240447998e-05
50,37,3.814125061035156e-05
50,38,3.790479898452759e-05
50,39,3.834354877471924e-05
50,40,3.81699800491333e-05
50,41,3.880542516708374e-05
50,42,3.9113104343414303e-05
50,43,3.99889349937439e-05
50,44,3.8890480995178225e-05
50,45,3.9859652519226076e-05
50,46,3.9501726627349856e-05
50,47,4.00044322013855e-05
50,48,4.015439748764038e-05
50,49,4.006260633468628e-05
50,50,4.0262579917907717e-05
51,1,1.132255792617798e-05
51,2,1.3501703739166259e-05
51,3,1.714581251144409e-05
51,4,1.9399762153625488e-05
51,5,2.2378802299499512e-05
51,6,2.5758147239685057e-05
51,7,2.8399109840393068e-05
51,8,3.065454959869385e-05
51,9,3.157317638397217e-05
51,10,3.224670886993408e-05
51,11,3.2301902770996096e-05
51,12,3.2348334789276125e-05
51,13,3.254002332687378e-05
51,14,3.304499387741089e-05
51,15,3.316223621368408e-05
51,16,3.3222079277038576e-05
51,17,3.362977504730225e-05
51,18,5.828523635864258e-05
51,19,3.481245040893555e-05
51,20,3.478908538818359e-05
51,21,3.431665897369385e-05
51,22,3.49542498588562e-05
51,23,3.501099348068237e-05
51,24,3.532058000564575e-05
51,25,3.522127866744995e-05
51,26,3.5503089427948e-05
51,27,3.5868465900421144e-05
51,28,3.579199314117432e-05
51,29,3.603416681289673e-05
51,30,3.6206185817718504e-05
51,31,3.6587893962860105e-05
51,32,3.6855995655059815e-05
51,33,3.7322163581848147e-05
51,34,3.718912601470947e-05
51,35,3.75940203666687e-05
51,36,3.75521183013916e-05
51,37,3.7792384624481204e-05
51,38,3.787606954574585e-05
51,39,3.8901448249816895e-05
51,40,3.833603858947754e-05
51,41,3.9086699485778806e-05
51,42,3.8654625415802005e-05
51,43,3.9186954498291014e-05
51,44,3.9107203483581544e-05
51,45,3.9572417736053465e-05
51,46,3.991860151290893e-05
51,47,6.461268663406372e-05
51,48,3.991186618804932e-05
51,49,4.0223479270935057e-05
51,50,4.0632128715515134e-05
52,1,1.1852562427520752e-05
52,2,1.3346672058105468e-05
52,3,1.640951633453369e-05
52,4,1.8899381160736084e-05
52,5,2.2144734859466552e-05
52,6,2.521252632141113e-05
52,7,2.8253614902496338e-05
52,8,3.012692928314209e-05
52,9,3.161299228668213e-05
52,10,3.2103121280670166e-05
52,11,3.21660041809082e-05
52,12,3.263169527053833e-05
52,13,3.327524662017822e-05
52,14,3.2758653163909915e-05
52,15,3.304731845855713e-05
52,16,3.326785564422608e-05
52,17,3.432440757751465e-05
52,18,3.3916115760803224e-05
52,19,3.514683246612549e-05
52,20,3.4226834774017334e-05
52,21,3.52323055267334e-05
52,22,3.46757173538208e-05
52,23,3.53095531463623e-05
52,24,3.4817039966583254e-05
52,25,3.5369217395782474e-05
52,26,3.558313846588135e-05
52,27,3.6465883255004886e-05
52,28,3.64527702331543e-05
52,29,3.6790311336517336e-05
52,30,3.6859750747680664e-05
52,31,6.11012578010559e-05
52,32,3.659093379974365e-05
52,33,3.70674729347229e-05
52,34,3.685897588729858e-05
52,35,3.738480806350708e-05
52,36,3.788226842880249e-05
52,37,3.777217864990234e-05
52,38,3.8587093353271485e-05
52,39,3.871405124664307e-05
52,40,3.846341371536255e-05
52,41,3.9098262786865237e-05
52,42,3.881543874740601e-05
52,43,3.984171152114868e-05
52,44,3.944951295852661e-05
52,45,3.986585140228271e-05
52,46,3.990632295608521e-05
52,47,3.994196653366089e-05
52,48,3.976047039031983e-05
52,49,4.044592380523682e-05
52,50,4.038548469543457e-05
53,1,1.0576605796813965e-05
53,2,1.3004004955291748e-05
53,3,1.594310998916626e-05
53,4,1.8667519092559816e-05
53,5,2.0969808101654053e-05
53,6,2.3404419422149658e-05
53,7,2.6588499546051026e-05
53,8,2.8398454189300537e-05
53,9,3.0490756034851075e-05
53,10,3.1262516975402835e-05
53,11,3.2067418098449704e-05
53,12,3.231334686279297e-05
53,13,3.2420516014099124e-05
53,14,3.320455551147461e-05
53,15,5.72546124458313e-05
53,16,3.304427862167358e-05
53,17,3.357851505279541e-05
53,18,3.433656692504883e-05
53,19,3.417515754699707e-05
53,20,3.457444906234741e-05
53,21,3.509962558746338e-05
53,22,3.452181816101074e-05
53,23,3.5311758518218994e-05
53,24,3.486317396163941e-05
53,25,3.5780608654022215e-05
53,26,3.5930216312408445e-05
53,27,3.637558221817016e-05
53,28,3.626823425292969e-05
53,29,3.617602586746216e-05
53,30,3.7000179290771484e-05
53,31,3.7426531314849854e-05
53,32,3.712022304534912e-05
53,33,3.7268638610839844e-05
53,34,3.783780336380005e-05
53,35,3.836512565612793e-05
53,36,3.834539651870727e-05
53,37,3.870481252670288e-05
53,38,3.8798272609710695e-05
53,39,3.904604911804199e-05
53,40,3.838282823562622e-05
53,41,3.923988342285156e-05
53,42,6.32460117340088e-05
53,43,3.907889127731323e-05
53,44,3.9114236831665036e-05
53,45,3.931838274002075e-05
53,46,3.9556384086608884e-05
53,47,4.005521535873413e-05
53,48,3.997564315795898e-05
53,49,4.0795624256134034e-05
53,50,4.0333271026611325e-05
54,1,1.0374128818511963e-05
54,2,1.3275384902954101e-05
54,3,1.6167223453521728e-05
54,4,1.8731296062469483e-05
54,5,2.1490395069122313e-05
54,6,2.4145424365997316e-05
54,7,2.6915907859802247e-05
54,8,2.9034554958343508e-05
54,9,3.086704015731812e-05
54,10,3.157925605773926e-05
54,11,3.233170509338379e-05
54,12,3.249359130859375e-05
54,13,3.2472014427185056e-05
54,14,3.312253952026367e-05
54,15,3.355485200881958e-05
54,16,3.309720754623413e-05
54,17,3.37519645690918e-05
54,18,3.392302989959717e-05
54,19,3.4276902675628664e-05
54,20,3.431463241577148e-05
54,21,3.461372852325439e-05
54,22,3.467744588851929e-05
54,23,3.521066904067993e-05
54,24,3.5410463809967044e-05
54,25,5.95327615737915e-05
54,26,3.582805395126343e-05
54,27,3.631061315536499e-05
54,28,3.5733819007873536e-05
54,29,3.6607325077056884e-05
54,30,3.6618888378143314e-05
54,31,3.6914169788360596e-05
54,32,3.711986541748047e-05
54,33,3.724855184555054e-05
54,34,3.7539243698120116e-05
54,35,3.7999629974365236e-05
54,36,3.745025396347046e-05
54,37,3.831672668457031e-05
54,38,3.8561880588531495e-05
54,39,3.890073299407959e-05
54,40,3.829401731491089e-05
54,41,3.922015428543091e-05
54,42,3.891557455062866e-05
54,43,3.947907686233521e-05
54,44,3.944361209869385e-05
54,45,3.9783477783203126e-05
54,46,3.9339840412139895e-05
54,47,3.974199295043945e-05
54,48,3.9704740047454833e-05
54,49,4.01729941368103e-05
54,50,4.030060768127441e-05
55,1,1.0472357273101807e-05
55,2,1.3574659824371338e-05
55,3,1.6259849071502686e-05
55,4,1.880943775177002e-05
55,5,2.1703481674194337e-05
55,6,2.5126993656158446e-05
55,7,2.8393507003784178e-05
55,8,5.372405052185059e-05
55,9,3.134793043136597e-05
55,10,3.21393609046936e-05
55,11,3.260916471481323e-05
55,12,3.29897403717041e-05
55,13,3.312885761260986e-05
55,14,3.2669484615325925e-05
55,15,3.318566083908081e-05
55,16,3.312671184539795e-05
55,17,3.3601403236389164e-05
55,18,3.3784866333007814e-05
55,19,3.491896390914917e-05
55,20,3.415900468826294e-05
55,21,3.501361608505249e-05
55,22,3.464949131011963e-05
55,23,3.545576333999634e-05
55,24,3.547912836074829e-05
55,25,3.509145975112915e-05
55,26,3.578752279281616e-05
55,27,3.59036922454834e-05
55,28,3.6247849464416506e-05
55,29,3.619861602783203e-05
55,30,3.6498427391052245e-05
55,31,3.701537847518921e-05
55,32,3.7047922611236574e-05
55,33,3.7222564220428466e-05
55,34,3.6943316459655764e-05
55,35,6.240922212600709e-05
55,36,3.7808597087860106e-05
55,37,3.8276374340057376e-05
55,38,3.835242986679077e-05
55,39,3.839778900146484e-05
55,40,3.823912143707276e-05
55,41,3.893029689788819e-05
55,42,3.8824558258056644e-05
55,43,3.95936369895935e-05
55,44,3.95052433013916e-05
55,45,3.9684772491455075e-05
55,46,3.9387166500091554e-05
55,47,4.0204405784606935e-05
55,48,4.037261009216309e-05
55,49,4.068154096603394e-05
55,50,4.080849885940552e-05
56,1,1.1471211910247803e-05
56,2,1.3912320137023926e-05
56,3,1.6871392726898194e-05
56,4,1.9433021545410155e-05
56,5,2.2436857223510742e-05
56,6,2.5459229946136474e-05
56,7,2.866494655609131e-05
56,8,3.063410520553589e-05
56,9,3.2160937786102296e-05
56,10,3.233736753463745e-05
56,11,3.2346904277801516e-05
56,12,3.255850076675415e-05
56,13,3.35158109664917e-05
56,14,3.272944688796997e-05
56,15,3.3645153045654296e-05
56,16,3.340953588485718e-05
56,17,3.373128175735474e-05
56,18,3.4623146057128906e-05
56,19,3.463870286941528e-05
56,20,3.423905372619629e-05
56,21,5.840671062469483e-05
56,22,3.484702110290527e-05
56,23,3.5342216491699216e-05
56,24,3.478002548217773e-05
56,25,3.524041175842285e-05
56,26,3.5503864288330075e-05
56,27,3.5789966583251954e-05
56,28,3.561025857925415e-05
56,29,3.6640703678131106e-05
56,30,3.6614179611206054e-05
56,31,3.705596923828125e-05
56,32,3.6947309970855716e-05
56,33,3.7001311779022217e-05
56,34,3.7044167518615725e-05
56,35,3.73152494430542e-05
56,36,3.73191237449646e-05
56,37,3.835690021514893e-05
56,38,3.825914859771728e-05
56,39,3.8469493389129635e-05
56,40,3.815954923629761e-05
56,41,3.908097743988037e-05
56,42,3.8775384426116944e-05
56,43,3.940826654434204e-05
56,44,3.9330601692199704e-05
56,45,3.9347171783447264e-05
56,46,3.935110569000244e-05
56,47,4.028171300888062e-05
56,48,3.9786338806152345e-05
56,49,6.384879350662231e-05
56,50,4.0690839290618895e-05
57,1,1.174616813659668e-05
57,2,1.3511300086975097e-05
57,3,1.6350865364074707e-05
57,4,1.8847942352294922e-05
57,5,2.218639850616455e-05
57,6,2.533900737762451e-05
57,7,2.815943956375122e-05
57,8,2.93581485748291e-05
57,9,3.0868768692016605e-05
57,10,3.182858228683472e-05
57,11,3.205245733261108e-05
57,12,3.255850076675415e-05
57,13,3.2688796520233156e-05
57,14,3.344631195068359e-05
57,15,3.351873159408569e-05
57,16,3.323441743850708e-05
57,17,3.3803403377532956e-05
57,18,3.4129977226257324e-05
57,19,3.452479839324951e-05
57,20,3.474706411361694e-05
57,21,3.508394956588745e-05
57,22,3.455209732055664e-05
57,23,3.5418689250946043e-05
57,24,3.487199544906616e-05
57,25,3.6197960376739505e-05
57,26,3.565150499343872e-05
57,27,3.642702102661133e-05
57,28,3.632563352584839e-05
57,29,3.621047735214233e-05
57,30,3.638708591461182e-05
57,31,3.715360164642334e-05
57,32,3.734958171844482e-05
57,33,6.0835063457489015e-05
57,34,3.711658716201782e-05
57,35,3.805750608444214e-05
57,36,3.7960529327392576e-05
57,37,3.772443532943725e-05
57,38,3.8008809089660646e-05
57,39,3.8561880588531495e-05
57,40,3.870713710784912e-05
57,41,3.900939226150513e-05
57,42,3.931039571762085e-05
57,43,3.9333701133728025e-05
57,44,3.949636220932007e-05
57,45,3.922843933105469e-05
57,46,3.937536478042603e-05
57,47,3.9817631244659424e-05
57,48,3.9959907531738284e-05
57,49,4.045331478118896e-05
57,50,4.0757834911346435e-05
58,1,1.2122392654418945e-05
58,2,1.3307690620422363e-05
58,3,1.5979766845703125e-05
58,4,1.8496692180633544e-05
58,5,2.116447687149048e-05
58,6,2.3933708667755127e-05
58,7,2.6974380016326905e-05
58,8,2.8722882270812987e-05
58,9,3.021019697189331e-05
58,10,3.135079145431519e-05
58,11,3.17956805229187e-05
58,12,3.2281219959259037e-05
58,13,3.2418012619018556e-05
58,14,5.8046400547027586e-05
58,15,3.301078081130981e-05
58,16,3.310704231262207e-05
58,17,3.35693359375e-05
58,18,3.414952754974365e-05
58,19,3.4712791442871095e-05
58,20,3.450405597686767e-05
58,21,3.497028350830078e-05
58,22,3.480827808380127e-05
58,23,3.4654617309570313e-05
58,24,3.462952375411987e-05
58,25,3.5717427730560305e-05
58,26,3.55299711227417e-05
58,27,3.619140386581421e-05
58,28,3.619498014450073e-05
58,29,3.6086857318878175e-05
58,30,3.610813617706299e-05
58,31,3.714668750762939e-05
58,32,3.6903738975524905e-05
58,33,3.744500875473022e-05
58,34,3.754955530166626e-05
58,35,3.747481107711792e-05
58,36,3.797382116317749e-05
58,37,3.7817597389221194e-05
58,38,3.8326203823089597e-05
58,39,3.865230083465576e-05
58,40,6.294041872024536e-05
58,41,3.834915161132813e-05
58,42,3.8753271102905275e-05
58,43,3.9502263069152835e-05
58,44,3.9275944232940676e-05
58,45,3.97757887840271e-05
58,46,3.9845049381256105e-05
58,47,3.993529081344605e-05
58,48,4.0289759635925296e-05
58,49,4.022139310836792e-05
58,50,4.078996181488037e-05
59,1,1.0730087757110595e-05
59,2,1.3675332069396973e-05
59,3,1.6924619674682616e-05
59,4,1.922118663787842e-05
59,5,2.217954397201538e-05
59,6,2.542668581008911e-05
59,7,2.8412222862243652e-05
59,8,3.0916094779968264e-05
59,9,3.219008445739746e-05
59,10,3.2434940338134766e-05
59,11,3.268188238143921e-05
59,12,3.264796733856201e-05
59,13,3.287464380264282e-05
59,14,3.3267080783843995e-05
59,15,3.3749222755432127e-05
59,16,3.375852108001709e-05
59,17,3.354460000991821e-05
59,18,3.4530580043792725e-05
59,19,3.461062908172607e-05
59,20,3.486943244934082e-05
59,21,5.911731719970703e-05
59,22,3.444588184356689e-05
59,23,3.5343706607818607e-05
59,24,3.546345233917236e-05
59,25,3.5202860832214355e-05
59,26,3.578352928161621e-05
59,27,3.6379218101501464e-05
59,28,3.560280799865723e-05
59,29,3.660660982131958e-05
59,30,3.609752655029297e-05
59,31,3.688091039657593e-05
59,32,3.6443889141082765e-05
59,33,3.747808933258057e-05
59,34,3.693866729736328e-05
59,35,3.736668825149536e-05
59,36,3.772437572479248e-05
59,37,3.8383305072784426e-05
59,38,3.8322269916534426e-05
59,39,3.8956701755523684e-05
59,40,3.83446216583252e-05
59,41,3.9329707622528074e-05
59,42,3.914940357208252e-05
59,43,3.9436638355255124e-05
59,44,3.929424285888672e-05
59,45,3.9826154708862306e-05
59,46,6.291472911834717e-05
59,47,4.0572762489318846e-05
59,48,4.016697406768799e-05
59,49,4.064732789993286e-05
59,50,4.105585813522339e-05
60,1,1.1240482330322266e-05
60,2,1.2770533561706542e-05
60,3,1.559048891067505e-05
60,4,1.7775237560272216e-05
60,5,2.0755648612976073e-05
60,6,2.352893352508545e-05
60,7,2.61763334274292e-05
60,8,2.7548313140869142e-05
60,9,2.9080688953399657e-05
60,10,2.9669106006622314e-05
60,11,2.9906153678894044e-05
60,12,3.0657947063446046e-05
60,13,3.0887126922607425e-05
60,14,3.1793594360351563e-05
60,15,3.1930446624755856e-05
60,16,3.221648931503296e-05
60,17,3.308659791946411e-05
60,18,3.35879921913147e-05
60,19,3.3598482608795164e-05
60,20,3.4198760986328124e-05
60,21,3.411906957626343e-05
60,22,3.422838449478149e-05
60,23,3.437530994415283e-05
60,24,3.469055891036987e-05
60,25,3.562349081039429e-05
60,26,3.5741567611694336e-05
60,27,3.620725870132446e-05
60,28,3.619569540023804e-05
60,29,4.071277379989624e-05
60,30,6.530261039733887e-05
60,31,3.64266037940979e-05
60,32,3.672170639038086e-05
60,33,3.702569007873535e-05
60,34,3.666120767593384e-05
60,35,3.7561357021331784e-05
60,36,3.78991961479187e-05
60,37,3.828531503677368e-05
60,38,3.7564098834991455e-05
60,39,3.876864910125732e-05
60,40,3.8007378578186036e-05
60,41,3.8433670997619626e-05
60,42,3.906595706939697e-05
60,43,3.917485475540161e-05
60,44,3.91920804977417e-05
60,45,3.964382410049439e-05
60,46,3.927028179168701e-05
60,47,3.9508163928985595e-05
60,48,4.018586874008179e-05
60,49,4.0117740631103514e-05
60,50,4.0747404098510745e-05
61,1,1.1306345462799072e-05
61,2,1.2653172016143799e-05
61,3,1.5137553215026856e-05
61,4,1.786893606185913e-05
61,5,2.0548760890960692e-05
61,6,2.240830659866333e-05
61,7,2.4892807006835938e-05
61,8,2.6826083660125733e-05
61,9,2.8486549854278565e-05
61,10,2.9655873775482178e-05
61,11,3.0817270278930665e-05
61,12,3.1310737133026124e-05
61,13,3.18603515625e-05
61,14,3.255307674407959e-05
61,15,3.3367693424224854e-05
61,16,5.733770132064819e-05
61,17,3.3451080322265625e-05
61,18,3.348910808563233e-05
61,19,3.426915407180786e-05
61,20,3.452205657958984e-05
61,21,3.500652313232422e-05
61,22,3.5061359405517576e-05
61,23,3.5501539707183836e-05
61,24,3.540867567062378e-05
61,25,3.5251855850219726e-05
61,26,3.593140840530395e-05
61,27,3.591948747634888e-05
61,28,3.650879859924316e-05
61,29,3.615248203277588e-05
61,30,3.682047128677368e-05
61,31,3.661268949508667e-05
61,32,3.7205100059509276e-05
61,33,3.768599033355713e-05
61,34,3.775203227996826e-05
61,35,3.767532110214233e-05
61,36,3.7469923496246336e-05
61,37,3.8470447063446046e-05
61,38,3.8590133190155026e-05
61,39,3.909939527511597e-05
61,40,3.841501474380493e-05
61,41,3.914421796798706e-05
61,42,6.333744525909424e-05
61,43,3.915184736251831e-05
61,44,3.898197412490845e-05
61,45,3.9965689182281496e-05
61,46,4.0070831775665286e-05
61,47,4.0287554264068604e-05
61,48,3.9989233016967774e-05
61,49,4.092109203338623e-05
61,50,4.078567028045654e-05
62,1,1.0752439498901366e-05
62,2,1.355290412902832e-05
62,3,1.652473211288452e-05
62,4,1.915639638900757e-05
62,5,2.2060215473175048e-05
62,6,2.4943113327026367e-05
62,7,2.755647897720337e-05
62,8,2.9468417167663576e-05
62,9,3.1670331954956057e-05
62,10,3.22115421295166e-05
62,11,3.21577787399292e-05
62,12,3.26235294342041e-05
62,13,3.269493579864502e-05
62,14,3.276574611663818e-05
62,15,3.380006551742554e-05
62,16,3.384792804718018e-05
62,17,3.400760889053345e-05
62,18,3.386908769607544e-05
62,19,3.427046537399292e-05
62,20,3.48239541053772e-05
62,21,3.490698337554932e-05
62,22,3.451591730117798e-05
62,23,3.548115491867065e-05
62,24,3.516095876693726e-05
62,25,6.013298034667969e-05
62,26,3.58542799949646e-05
62,27,3.579813241958618e-05
62,28,3.621286153793335e-05
62,29,3.605812788009644e-05
62,30,3.6053240299224856e-05
62,31,3.689259290695191e-05
62,32,3.695613145828247e-05
62,33,3.689152002334595e-05
62,34,3.694802522659302e-05
62,35,3.792572021484375e-05
62,36,3.7748456001281736e-05
62,37,3.771591186523438e-05
62,38,3.786933422088623e-05
62,39,3.8685142993927e-05
62,40,3.825998306274414e-05
62,41,3.918015956878662e-05
62,42,3.880208730697632e-05
62,43,3.9398133754730224e-05
62,44,3.8923919200897215e-05
62,45,3.985804319381714e-05
62,46,3.9470911026000976e-05
62,47,4.0014803409576415e-05
62,48,3.978967666625976e-05
62,49,4.0422916412353514e-05
62,50,4.0181696414947506e-05
63,1,1.099783182144165e-05
63,2,1.3074278831481933e-05
63,3,1.6148865222930908e-05
63,4,1.8730103969573973e-05
63,5,2.1281361579895018e-05
63,6,2.4756431579589843e-05
63,7,2.7115166187286375e-05
63,8,2.9008805751800538e-05
63,9,5.443614721298218e-05
63,10,3.1196951866149904e-05
63,11,3.149479627609253e-05
63,12,3.239989280700684e-05
63,13,3.252482414245606e-05
63,14,3.271567821502686e-05
63,15,3.362631797790527e-05
63,16,3.326839208602905e-05
63,17,3.3562719821929935e-05
63,18,3.3983111381530765e-05
63,19,3.415703773498535e-05
63,20,3.438794612884521e-05
63,21,3.4604787826538086e-05
63,22,3.4808218479156495e-05
63,23,3.5462498664855956e-05
63,24,3.5337865352630614e-05
63,25,3.5558581352233884e-05
63,26,3.5851359367370605e-05
63,27,3.634434938430786e-05
63,28,3.6308884620666506e-05
63,29,3.62398624420166e-05
63,30,3.675216436386109e-05
63,31,3.637504577636719e-05
63,32,3.65026593208313e-05
63,33,6.178921461105347e-05
63,34,3.724682331085205e-05
63,35,3.7542879581451417e-05
63,36,3.7557423114776614e-05
63,37,3.824448585510254e-05
63,38,3.8505852222442624e-05
63,39,3.912460803985596e-05
63,40,3.89254093170166e-05
63,41,3.915250301361084e-05
63,42,4.075121879577637e-05
63,43,3.9545953273773194e-05
63,44,3.946751356124878e-05
63,45,3.9896488189697264e-05
63,46,3.97077202796936e-05
63,47,4.078543186187744e-05
63,48,4.076498746871948e-05
63,49,4.164677858352661e-05
63,50,4.078143835067749e-05
64,1,1.1632204055786133e-05
64,2,1.3281404972076415e-05
64,3,1.5987932682037354e-05
64,4,1.8849074840545655e-05
64,5,2.1065473556518556e-05
64,6,2.3643076419830323e-05
64,7,2.6559770107269286e-05
64,8,2.8627097606658936e-05
64,9,3.01518440246582e-05
64,10,3.1077921390533445e-05
64,11,3.18835973739624e-05
64,12,3.228956460952759e-05
64,13,3.296267986297608e-05
64,14,3.330981731414795e-05
64,15,3.3626019954681394e-05
64,16,3.337156772613525e-05
64,17,3.37030291557312e-05
64,18,6.000947952270508e-05
64,19,3.434896469116211e-05
64,20,3.4341037273406985e-05
64,21,3.448480367660522e-05
64,22,3.513431549072266e-05
64,23,3.487676382064819e-05
64,24,3.551816940307617e-05
64,25,3.563058376312256e-05
64,26,3.587239980697632e-05
64,27,3.676551580429077e-05
64,28,3.627669811248779e-05
64,29,3.644007444381714e-05
64,30,3.671872615814209e-05
64,31,3.690975904464722e-05
64,32,3.661304712295532e-05
64,33,3.715676069259643e-05
64,34,3.7673711776733395e-05
64,35,3.7522494792938234e-05
64,36,3.8112640380859374e-05
64,37,3.797459602355957e-05
64,38,3.829765319824219e-05
64,39,3.8781344890594484e-05
64,40,3.8582384586334226e-05
64,41,3.9120018482208255e-05
64,42,4.058700799942017e-05
64,43,4.0501832962036135e-05
64,44,6.37161135673523e-05
64,45,3.970813751220703e-05
64,46,3.9836585521698e-05
64,47,3.9867103099823e-05
64,48,3.988844156265259e-05
64,49,4.1110873222351074e-05
64,50,4.081159830093384e-05
65,1,1.0559499263763427e-05
65,2,1.2333810329437255e-05
65,3,1.4657795429229736e-05
65,4,1.7068445682525634e-05
65,5,1.8895924091339112e-05
65,6,2.134460210800171e-05
65,7,2.326744794845581e-05
65,8,2.5387346744537352e-05
65,9,2.631920576095581e-05
65,10,2.7623832225799562e-05
65,11,2.7527153491973877e-05
65,12,2.8222203254699708e-05
65,13,2.9050767421722413e-05
65,14,2.9172778129577636e-05
65,15,3.0132293701171875e-05
65,16,3.037911653518677e-05
65,17,3.089141845703125e-05
65,18,3.139615058898926e-05
65,19,3.2358050346374514e-05
65,20,3.218686580657959e-05
65,21,3.261560201644897e-05
65,22,3.278356790542603e-05
65,23,3.362476825714111e-05
65,24,3.322237730026245e-05
65,25,3.432416915893555e-05
65,26,3.418564796447754e-05
65,27,3.510212898254395e-05
65,28,3.496599197387695e-05
65,29,3.602826595306396e-05
65,30,3.563958406448364e-05
65,31,3.6622107028961183e-05
65,32,3.6617815494537355e-05
65,33,3.677636384963989e-05
65,34,3.724533319473267e-05
65,35,6.203162670135498e-05
65,36,3.7654638290405274e-05
65,37,3.79105806350708e-05
65,38,3.93519401550293e-05
65,39,3.903639316558838e-05
65,40,3.841251134872437e-05
65,41,4.0083408355712894e-05
65,42,3.92490029335022e-05
65,43,3.969347476959229e-05
65,44,3.9716839790344236e-05
65,45,3.970521688461304e-05
65,46,3.9876878261566164e-05
65,47,4.0170729160308836e-05
65,48,4.060506820678711e-05
65,49,4.102456569671631e-05
65,50,4.115164279937744e-05
66,1,1.067817211151123e-05
66,2,1.3609230518341064e-05
66,3,1.6738176345825195e-05
66,4,1.9031286239624022e-05
66,5,2.235966920852661e-05
66,6,2.5808513164520264e-05
66,7,2.8990864753723146e-05
66,8,3.0698239803314206e-05
66,9,3.142553567886352e-05
66,10,3.238624334335327e-05
66,11,3.244161605834961e-05
66,12,3.266191482543945e-05
66,13,3.309011459350586e-05
66,14,3.3380866050720215e-05
66,15,3.366643190383911e-05
66,16,3.375434875488281e-05
66,17,5.8443009853363035e-05
66,18,3.3685624599456784e-05
66,19,3.409463167190552e-05
66,20,3.413701057434082e-05
66,21,3.489792346954346e-05
66,22,3.422826528549194e-05
66,23,3.481894731521606e-05
66,24,3.479933738708496e-05
66,25,3.5163819789886476e-05
66,26,3.576481342315674e-05
66,27,3.6695003509521484e-05
66,28,3.569537401199341e-05
66,29,3.611862659454346e-05
66,30,3.642702102661133e-05
66,31,3.648054599761963e-05
66,32,3.7008345127105716e-05
66,33,3.695070743560791e-05
66,34,3.712332248687744e-05
66,35,3.790205717086792e-05
66,36,3.807657957077026e-05
66,37,3.848254680633545e-05
66,38,3.7981390953063964e-05
66,39,3.880482912063599e-05
66,40,3.8260281085968015e-05
66,41,6.288307905197143e-05
66,42,3.9247512817382816e-05
66,43,3.9754152297973636e-05
66,44,3.8916587829589846e-05
66,45,3.984832763671875e-05
66,46,3.95505428314209e-05
66,47,4.0510833263397216e-05
66,48,3.989583253860474e-05
66,49,4.038721323013306e-05
66,50,4.107320308685303e-05
67,1,1.0716795921325684e-05
67,2,1.3559281826019287e-05
67,3,1.6887545585632326e-05
67,4,1.9323348999023438e-05
67,5,2.2015273571014405e-05
67,6,2.5219380855560302e-05
67,7,2.8295278549194336e-05
67,8,3.0719637870788573e-05
67,9,3.2154083251953126e-05
67,10,3.24285626411438e-05
67,11,3.291535377502441e-05
67,12,3.284609317779541e-05
67,13,3.349524736404419e-05
67,14,3.3251941204071045e-05
67,15,3.3061444759368895e-05
67,16,3.319436311721802e-05
67,17,3.356462717056274e-05
67,18,3.4620821475982667e-05
67,19,3.489428758621216e-05
67,20,3.426909446716309e-05
67,21,3.5096287727355956e-05
67,22,5.931121110916138e-05
67,23,3.5236656665802e-05
67,24,3.465384244918823e-05
67,25,3.563344478607178e-05
67,26,3.596973419189453e-05
67,27,3.642725944519043e-05
67,28,3.5987496376037597e-05
67,29,3.605115413665771e-05
67,30,3.6171138286590576e-05
67,31,3.709447383880615e-05
67,32,3.729093074798584e-05
67,33,3.682476282119751e-05
67,34,3.75327467918396e-05
67,35,3.8090527057647705e-05
67,36,3.7907838821411136e-05
67,37,3.78616452217102e-05
67,38,3.772503137588501e-05
67,39,3.845757246017456e-05
67,40,3.829437494277954e-05
67,41,3.8519561290740965e-05
67,42,3.923314809799194e-05
67,43,3.970432281494141e-05
67,44,3.955435752868652e-05
67,45,3.9300382137298584e-05
67,46,3.9319515228271486e-05
67,47,6.38500452041626e-05
67,48,3.970485925674438e-05
67,49,4.07753586769104e-05
67,50,4.0209054946899414e-05
68,1,1.0709524154663085e-05
68,2,1.3787150382995606e-05
68,3,1.6863167285919188e-05
68,4,1.945406198501587e-05
68,5,2.2388994693756104e-05
68,6,2.5876879692077636e-05
68,7,2.8473436832427978e-05
68,8,3.0669808387756346e-05
68,9,3.1580090522766115e-05
68,10,3.223192691802978e-05
68,11,3.3020615577697756e-05
68,12,3.267645835876465e-05
68,13,3.276652097702026e-05
68,14,3.323239088058472e-05
68,15,3.305482864379883e-05
68,16,3.37984561920166e-05
68,17,3.4028947353363034e-05
68,18,3.390282392501831e-05
68,19,3.4833073616027835e-05
68,20,3.413927555084228e-05
68,21,3.5071074962615966e-05
68,22,3.503680229187012e-05
68,23,3.491181135177612e-05
68,24,3.488647937774658e-05
68,25,3.5313427448272706e-05
68,26,3.6057889461517335e-05
68,27,3.635573387145996e-05
68,28,3.645533323287964e-05
68,29,6.037640571594238e-05
68,30,3.659600019454956e-05
68,31,3.6499321460723875e-05
68,32,3.7078022956848146e-05
68,33,3.7363708019256594e-05
68,34,3.752368688583374e-05
68,35,3.787696361541748e-05
68,36,3.795236349105835e-05
68,37,3.773576021194458e-05
68,38,3.7864208221435545e-05
68,39,3.8901984691619875e-05
68,40,3.877049684524536e-05
68,41,3.9056062698364255e-05
68,42,3.911703824996948e-05
68,43,3.964382410049439e-05
68,44,3.947734832763672e-05
68,45,3.927350044250488e-05
68,46,3.989732265472412e-05
68,47,3.982424736022949e-05
68,48,3.987741470336914e-05
68,49,4.01952862739563e-05
68,50,4.081964492797852e-05
69,1,1.1017680168151856e-05
69,2,1.30615234375e-05
69,3,1.6432464122772215e-05
69,4,1.904350519180298e-05
69,5,2.192962169647217e-05
69,6,2.4754226207733155e-05
69,7,2.7785420417785643e-05
69,8,3.0103683471679686e-05
69,9,3.155982494354248e-05
69,10,3.20894718170166e-05
69,11,3.288781642913818e-05
69,12,3.272300958633423e-05
69,13,3.326320648193359e-05
69,14,3.322356939315796e-05
69,15,5.723041296005249e-05
69,16,3.322738409042358e-05
69,17,3.357106447219849e-05
69,18,3.4447431564331056e-05
69,19,3.501981496810913e-05
69,20,3.4084975719451904e-05
69,21,3.431665897369385e-05
69,22,3.493177890777588e-05
69,23,3.566527366638184e-05
69,24,3.5374045372009274e-05
69,25,3.546798229217529e-05
69,26,3.564238548278809e-05
69,27,3.6034107208251954e-05
69,28,3.579002618789673e-05
69,29,3.686541318893433e-05
69,30,3.6400854587554934e-05
69,31,3.723412752151489e-05
69,32,3.7440955638885496e-05
69,33,3.750765323638916e-05
69,34,3.7800490856170655e-05
69,35,3.783655166625977e-05
69,36,3.776127099990845e-05
69,37,3.845089673995972e-05
69,38,3.81854772567749e-05
69,39,3.9064764976501466e-05
69,40,6.232839822769164e-05
69,41,3.88028621673584e-05
69,42,3.920590877532959e-05
69,43,3.968632221221924e-05
69,44,3.9053916931152344e-05
69,45,3.940224647521972e-05
69,46,3.995174169540405e-05
69,47,4.026836156845093e-05
69,48,3.991419076919556e-05
69,49,4.061722755432129e-05
69,50,4.0182948112487794e-05
70,1,1.1429309844970704e-05
70,2,1.3655245304107667e-05
70,3,1.6612231731414795e-05
70,4,1.9215047359466553e-05
70,5,2.2004663944244386e-05
70,6,2.4752557277679443e-05
70,7,2.7408957481384278e-05
70,8,2.9877424240112304e-05
70,9,3.161817789077759e-05
70,10,3.206402063369751e-05
70,11,3.2145023345947264e-05
70,12,3.2586693763732913e-05
70,13,3.314399719238281e-05
70,14,3.279048204421997e-05
70,15,3.3230841159820554e-05
70,16,3.381413221359253e-05
70,17,3.364616632461548e-05
70,18,3.444474935531616e-05
70,19,3.425723314285278e-05
70,20,3.4328222274780274e-05
70,21,3.4702718257904055e-05
70,22,3.463059663772583e-05
70,23,5.9368789196014405e-05
70,24,3.524291515350342e-05
70,25,3.568136692047119e-05
70,26,3.586256504058838e-05
70,27,3.58889102935791e-05
70,28,3.556656837463379e-05
70,29,3.6104142665863036e-05
70,30,3.66176962852478e-05
70,31,3.7101566791534425e-05
70,32,3.664267063140869e-05
70,33,3.733193874359131e-05
70,34,3.7552058696746826e-05
70,35,3.8073599338531494e-05
70,36,3.8101017475128176e-05
70,37,3.7866711616516113e-05
70,38,3.825134038925171e-05
70,39,3.909832239151001e-05
70,40,3.840011358261108e-05
70,41,3.885072469711304e-05
70,42,3.9310455322265624e-05
70,43,3.9779305458068846e-05
70,44,3.906679153442383e-05
70,45,3.952986001968384e-05
70,46,4.002320766448974e-05
70,47,3.982186317443848e-05
70,48,4.0406405925750735e-05
70,49,6.483691930770873e-05
70,50,4.0722370147705076e-05
71,1,1.0658979415893555e-05
71,2,1.3447761535644532e-05
71,3,1.6589224338531496e-05
71,4,1.9103527069091798e-05
71,5,2.2251486778259276e-05
71,6,2.5613367557525635e-05
71,7,2.858048677444458e-05
71,8,3.0362069606781007e-05
71,9,3.156143426895142e-05
71,10,3.23176383972168e-05
71,11,3.270792961120606e-05
71,12,3.2632291316986086e-05
71,13,3.2784700393676755e-05
71,14,3.293091058731079e-05
71,15,3.328460454940796e-05
71,16,3.3155262470245364e-05
71,17,3.426706790924072e-05
71,18,3.439241647720337e-05
71,19,3.4392476081848144e-05
71,20,3.4440755844116214e-05
71,21,3.509896993637085e-05
71,22,3.50879430770874e-05
71,23,3.4945011138916014e-05
71,24,3.5439074039459226e-05
71,25,3.522074222564697e-05
71,26,3.595912456512451e-05
71,27,3.6250650882720944e-05
71,28,3.5766363143920895e-05
71,29,3.6784708499908446e-05
71,30,3.680115938186646e-05
71,31,3.640872240066528e-05
71,32,6.171852350234985e-05
71,33,3.729766607284546e-05
71,34,3.698968887329101e-05
71,35,3.725463151931763e-05
71,36,3.783029317855835e-05
71,37,3.790026903152466e-05
71,38,3.8592517375946046e-05
71,39,3.891777992248535e-05
71,40,3.831326961517334e-05
71,41,3.9014816284179684e-05
71,42,3.928893804550171e-05
71,43,3.9641201496124265e-05
71,44,3.949230909347534e-05
71,45,3.932678699493408e-05
71,46,4.0197014808654785e-05
71,47,3.9903879165649414e-05
71,48,3.9806127548217774e-05
71,49,4.0861725807189944e-05
71,50,4.045277833938598e-05
72,1,1.1210918426513672e-05
72,2,1.3279259204864501e-05
72,3,1.629763841629028e-05
72,4,1.893728971481323e-05
72,5,2.191120386123657e-05
72,6,2.4536669254302977e-05
72,7,2.736407518386841e-05
72,8,2.9501199722290038e-05
72,9,3.131461143493652e-05
72,10,3.1810343265533445e-05
72,11,3.245216608047485e-05
72,12,3.258746862411499e-05
72,13,3.326970338821411e-05
72,14,3.3282577991485596e-05
72,15,5.833733081817627e-05
72,16,3.377503156661987e-05
72,17,3.4200549125671385e-05
72,18,3.448760509490967e-05
72,19,3.42513918876648e-05
72,20,3.410106897354126e-05
72,21,3.493523597717285e-05
72,22,3.442138433456421e-05
72,23,3.48774790763855e-05
72,24,3.5421252250671386e-05
72,25,3.5867393016815185e-05
72,26,3.587490320205688e-05
72,27,3.625363111495972e-05
72,28,3.586822748184204e-05
72,29,3.674143552780151e-05
72,30,3.685086965560913e-05
72,31,3.651559352874756e-05
72,32,3.660547733306885e-05
72,33,3.6830246448516845e-05
72,34,3.7700891494750974e-05
72,35,3.7469208240509034e-05
72,36,3.7530601024627685e-05
72,37,3.790497779846192e-05
72,38,3.817969560623169e-05
72,39,3.9080560207366944e-05
72,40,6.321686506271363e-05
72,41,3.892803192138672e-05
72,42,3.911125659942627e-05
72,43,3.9569616317749027e-05
72,44,3.9041996002197263e-05
72,45,3.942054510116577e-05
72,46,4.0011584758758546e-05
72,47,3.988105058670044e-05
72,48,4.0310919284820554e-05
72,49,4.089868068695069e-05
72,50,4.032438993453979e-05
73,1,1.1625230312347411e-05
73,2,1.3277292251586914e-05
73,3,1.6260385513305662e-05
73,4,1.857125759124756e-05
73,5,2.1693825721740722e-05
73,6,2.4738669395446777e-05
73,7,2.757471799850464e-05
73,8,2.966129779815674e-05
73,9,3.139257431030273e-05
73,10,3.192025423049927e-05
73,11,3.2220184803009036e-05
73,12,3.2590091228485105e-05
73,13,3.326314687728882e-05
73,14,3.272068500518799e-05
73,15,3.37371826171875e-05
73,16,3.3297836780548095e-05
73,17,3.374934196472168e-05
73,18,3.4438729286193844e-05
73,19,3.485006093978882e-05
73,20,3.4856081008911133e-05
73,21,3.461372852325439e-05
73,22,3.4709155559539794e-05
73,23,3.5560071468353274e-05
73,24,5.9323787689208985e-05
73,25,3.572487831115723e-05
73,26,3.5590648651123045e-05
73,27,3.652191162109375e-05
73,28,3.615659475326538e-05
73,29,3.598928451538086e-05
73,30,3.6283791065216064e-05
73,31,3.6887288093566894e-05
73,32,3.6529779434204105e-05
73,33,3.6912381649017336e-05
73,34,3.687947988510132e-05
73,35,3.7999629974365236e-05
73,36,3.795069456100464e-05
73,37,3.7756383419036865e-05
73,38,3.7832140922546384e-05
73,39,3.891003131866455e-05
73,40,3.8234174251556394e-05
73,41,3.910595178604126e-05
73,42,3.88062596321106e-05
73,43,3.978949785232544e-05
73,44,3.944236040115356e-05
73,45,3.971189260482788e-05
73,46,3.96193265914917e-05
73,47,4.037553071975708e-05
73,48,3.9926230907440185e-05
73,49,4.0368735790252684e-05
73,50,4.074335098266601e-05
74,1,1.1220872402191162e-05
74,2,1.512753963470459e-05
74,3,1.6727566719055176e-05
74,4,1.9055068492889403e-05
74,5,2.1954715251922607e-05
74,6,2.5180518627166748e-05
74,7,2.847123146057129e-05
74,8,3.072822093963623e-05
74,9,5.60263991355896e-05
74,10,3.221303224563599e-05
74,11,3.237825632095337e-05
74,12,3.245377540588379e-05
74,13,3.26467752456665e-05
74,14,3.35424542427063e-05
74,15,3.387594223022461e-05
74,16,3.3385515213012694e-05
74,17,3.374660015106201e-05
74,18,3.4556865692138674e-05
74,19,3.5019576549530026e-05
74,20,3.481066226959228e-05
74,21,3.456127643585205e-05
74,22,3.4634649753570555e-05
74,23,3.537577390670776e-05
74,24,3.54803204536438e-05
74,25,3.584015369415283e-05
74,26,3.557723760604858e-05
74,27,3.6033034324645996e-05
74,28,3.627532720565796e-05
74,29,3.707677125930786e-05
74,30,3.6704599857330325e-05
74,31,3.6618292331695554e-05
74,32,3.6745250225067136e-05
74,33,3.7164747714996335e-05
74,34,6.19942545890808e-05
74,35,3.721702098846436e-05
74,36,3.7589311599731446e-05
74,37,3.8450241088867185e-05
74,38,3.86730432510376e-05
74,39,3.9191842079162596e-05
74,40,3.862839937210083e-05
74,41,3.921651840209961e-05
74,42,3.911536931991577e-05
74,43,3.967714309692383e-05
74,44,3.898274898529053e-05
74,45,3.959304094314575e-05
74,46,3.997451066970825e-05
74,47,4.0082156658172607e-05
74,48,3.996449708938599e-05
74,49,4.100638628005981e-05
74,50,4.0805935859680177e-05
75,1,1.0545194149017335e-05
75,2,1.2764394283294678e-05
75,3,1.5547215938568115e-05
75,4,1.7728090286254883e-05
75,5,2.026444673538208e-05
75,6,2.2710680961608886e-05
75,7,2.5578498840332033e-05
75,8,2.7450263500213622e-05
75,9,2.8910219669342042e-05
75,10,2.9925644397735597e-05
75,11,3.0474841594696046e-05
75,12,3.149664402008057e-05
75,13,3.191196918487549e-05
75,14,3.2162725925445557e-05
75,15,3.279995918273926e-05
75,16,3.298592567443848e-05
75,17,3.338754177093506e-05
75,18,3.403705358505249e-05
75,19,3.477078676223755e-05
75,20,3.476053476333618e-05
75,21,5.9299290180206296e-05
75,22,3.457081317901611e-05
75,23,3.508502244949341e-05
75,24,3.495359420776367e-05
75,25,3.525233268737793e-05
75,26,3.545540571212768e-05
75,27,3.6046922206878665e-05
75,28,3.5691142082214356e-05
75,29,3.6565959453582765e-05
75,30,3.681004047393799e-05
75,31,3.711503744125366e-05
75,32,3.657102584838867e-05
75,33,3.767919540405274e-05
75,34,3.723961114883423e-05
75,35,3.756397962570191e-05
75,36,3.750097751617432e-05
75,37,3.786200284957886e-05
75,38,3.843176364898682e-05
75,39,3.856974840164184e-05
75,40,3.832787275314331e-05
75,41,3.909844160079956e-05
75,42,3.91232967376709e-05
75,43,3.964710235595703e-05
75,44,3.936368227005005e-05
75,45,3.93027663230896e-05
75,46,3.949600458145142e-05
75,47,4.001319408416748e-05
75,48,4.046928882598877e-05
75,49,4.1024088859558104e-05
75,50,6.457644701004028e-05
76,1,1.1392712593078614e-05
76,2,1.3572275638580323e-05
76,3,1.61934494972229e-05
76,4,1.8895626068115236e-05
76,5,2.1902620792388915e-05
76,6,2.497142553329468e-05
76,7,2.7646958827972412e-05
76,8,2.9456377029418947e-05
76,9,3.0642271041870116e-05
76,10,3.1459808349609375e-05
76,11,3.167545795440674e-05
76,12,3.228288888931274e-05
76,13,3.316998481750488e-05
76,14,3.2779693603515625e-05
76,15,3.35964560508728e-05
76,16,3.329706192016601e-05
76,17,3.414762020111084e-05
76,18,3.453648090362549e-05
76,19,3.450840711593628e-05
76,20,3.43787670135498e-05
76,21,3.504198789596558e-05
76,22,3.470677137374878e-05
76,23,3.54769229888916e-05
76,24,3.4995615482330323e-05
76,25,3.5202324390411376e-05
76,26,3.55832576751709e-05
76,27,3.629612922668457e-05
76,28,3.6242902278900144e-05
76,29,3.685480356216431e-05
76,30,3.681588172912598e-05
76,31,3.717905282974243e-05
76,32,3.722655773162842e-05
76,33,3.708279132843017e-05
76,34,3.7691235542297366e-05
76,35,6.316322088241577e-05
76,36,3.7748277187347414e-05
76,37,3.784376382827759e-05
76,38,3.7981748580932614e-05
76,39,3.8744449615478516e-05
76,40,3.896653652191162e-05
76,41,3.855258226394653e-05
76,42,3.884214162826538e-05
76,43,3.9364993572235104e-05
76,44,3.9408087730407716e-05
76,45,3.939372301101685e-05
76,46,3.9328813552856444e-05
76,47,4.032456874847412e-05
76,48,4.0396273136138914e-05
76,49,4.0736258029937746e-05
76,50,4.029643535614014e-05
77,1,1.104724407196045e-05
77,2,1.3246595859527589e-05
77,3,1.6022324562072754e-05
77,4,1.8534600734710694e-05
77,5,2.1103978157043455e-05
77,6,2.3809075355529784e-05
77,7,2.695000171661377e-05
77,8,2.860027551651001e-05
77,9,2.988588809967041e-05
77,10,3.118050098419189e-05
77,11,3.197789192199707e-05
77,12,3.2277584075927736e-05
77,13,3.249853849411011e-05
77,14,3.268963098526001e-05
77,15,3.3151507377624515e-05
77,16,3.378045558929443e-05
77,17,3.414255380630493e-05
77,18,3.398919105529785e-05
77,19,3.443270921707153e-05
77,20,3.425538539886475e-05
77,21,3.506183624267578e-05
77,22,6.046223640441895e-05
77,23,3.4683465957641605e-05
77,24,3.535342216491699e-05
77,25,3.584408760070801e-05
77,26,3.587120771408081e-05
77,27,3.602743148803711e-05
77,28,3.589993715286255e-05
77,29,3.628158569335937e-05
77,30,3.605574369430542e-05
77,31,3.6513745784759524e-05
77,32,3.663033246994018e-05
77,33,3.773504495620728e-05
77,34,3.752708435058594e-05
77,35,3.757268190383911e-05
77,36,3.7943661212921146e-05
77,37,3.790253400802612e-05
77,38,3.8007020950317385e-05
77,39,3.915822505950928e-05
77,40,3.843015432357788e-05
77,41,3.931206464767456e-05
77,42,3.929382562637329e-05
77,43,3.9288520812988284e-05
77,44,3.959798812866211e-05
77,45,3.9506733417510986e-05
77,46,3.96726131439209e-05
77,47,4.051613807678223e-05
77,48,6.35000467300415e-05
77,49,4.039967060089111e-05
77,50,4.053282737731934e-05
78,1,1.0732591152191161e-05
78,2,1.3721883296966553e-05
78,3,1.6803324222564698e-05
78,4,1.9269704818725584e-05
78,5,2.2518336772918702e-05
78,6,2.5861322879791258e-05
78,7,2.870672941207886e-05
78,8,3.047335147857666e-05
78,9,3.123241662979126e-05
78,10,3.207939863204956e-05
78,11,3.214371204376221e-05
78,12,3.278142213821411e-05
78,13,3.353673219680786e-05
78,14,3.2932937145233156e-05
78,15,3.382396697998047e-05
78,16,3.389894962310791e-05
78,17,3.429991006851196e-05
78,18,3.404241800308227e-05
78,19,3.4524619579315184e-05
78,20,3.4423112869262695e-05
78,21,3.464406728744507e-05
78,22,3.468126058578491e-05
78,23,3.5099148750305175e-05
78,24,3.5045325756072996e-05
78,25,3.56019139289856e-05
78,26,3.567159175872803e-05
78,27,3.612816333770752e-05
78,28,3.587609529495239e-05
78,29,3.621184825897217e-05
78,30,6.119704246520995e-05
78,31,3.70485782623291e-05
78,32,3.6899924278259276e-05
78,33,3.70861291885376e-05
78,34,3.691655397415161e-05
78,35,3.746968507766723e-05
78,36,3.741133213043213e-05
78,37,3.7954211235046384e-05
78,38,3.84400486946106e-05
78,39,3.9020299911499026e-05
78,40,3.829389810562134e-05
78,41,3.925508260726929e-05
78,42,3.9249420166015624e-05
78,43,3.942757844924927e-05
78,44,3.964328765869141e-05
78,45,3.955346345901489e-05
78,46,3.9679408073425295e-05
78,47,4.021793603897095e-05
78,48,4.015535116195679e-05
78,49,4.043996334075928e-05
78,50,4.0784478187561035e-05
79,1,1.1073648929595947e-05
79,2,1.3297438621520996e-05
79,3,1.604914665222168e-05
79,4,1.8591225147247314e-05
79,5,2.1831929683685303e-05
79,6,2.491950988769531e-05
79,7,2.730238437652588e-05
79,8,2.9330730438232423e-05
79,9,3.088486194610596e-05
79,10,3.194141387939453e-05
79,11,5.6709945201873776e-05
79,12,3.259313106536865e-05
79,13,3.2777547836303714e-05
79,14,3.334027528762817e-05
79,15,3.360491991043091e-05
79,16,3.3280014991760254e-05
79,17,3.415960073471069e-05
79,18,3.394073247909546e-05
79,19,3.438174724578858e-05
79,20,3.4323573112487795e-05
79,21,3.4494221210479735e-05
79,22,3.4728288650512696e-05
79,23,3.54660153388977e-05
79,24,3.5543501377105714e-05
79,25,3.548252582550049e-05
79,26,3.6044895648956296e-05
79,27,3.59681248664856e-05
79,28,3.644305467605591e-05
79,29,3.6089956760406496e-05
79,30,3.683954477310181e-05
79,31,3.7218987941741946e-05
79,32,3.738701343536377e-05
79,33,3.7730634212493896e-05
79,34,3.7768304347991946e-05
79,35,3.794872760772705e-05
79,36,6.329065561294555e-05
79,37,3.813868761062622e-05
79,38,3.7990033626556394e-05
79,39,3.868228197097778e-05
79,40,3.827410936355591e-05
79,41,3.8751840591430666e-05
79,42,3.89556884765625e-05
79,43,3.8956701755523684e-05
79,44,3.962260484695434e-05
79,45,3.957778215408325e-05
79,46,3.9521455764770505e-05
79,47,4.00007963180542e-05
79,48,4.062813520431518e-05
79,49,4.072821140289307e-05
79,50,4.038482904434204e-05
80,1,1.0972917079925537e-05
80,2,1.3786256313323974e-05
80,3,1.656597852706909e-05
80,4,1.895761489868164e-05
80,5,2.2328853607177734e-05
80,6,2.5602877140045167e-05
80,7,2.8124451637268068e-05
80,8,3.0378282070159913e-05
80,9,3.205263614654541e-05
80,10,3.175342082977295e-05
80,11,3.258514404296875e-05
80,12,3.272032737731934e-05
80,13,3.274518251419068e-05
80,14,3.305566310882568e-05
80,15,3.332430124282837e-05
80,16,3.3832550048828124e-05
80,17,3.38054895401001e-05
80,18,3.458636999130249e-05
80,19,6.0326457023620606e-05
80,20,3.490757942199707e-05
80,21,3.4452438354492185e-05
80,22,3.4462690353393554e-05
80,23,3.5311639308929446e-05
80,24,3.490334749221802e-05
80,25,3.5559117794036863e-05
80,26,3.530406951904297e-05
80,27,3.605979681015014e-05
80,28,3.597170114517212e-05
80,29,3.627943992614746e-05
80,30,3.668230772018433e-05
80,31,3.69797945022583e-05
80,32,3.652137517929077e-05
80,33,3.7167251110076904e-05
80,34,3.712373971939087e-05
80,35,3.777217864990234e-05
80,36,3.773212432861328e-05
80,37,3.81927490234375e-05
80,38,3.856801986694336e-05
80,39,3.920972347259522e-05
80,40,3.9099812507629394e-05
80,41,3.898519277572632e-05
80,42,3.916370868682861e-05
80,43,3.965288400650024e-05
80,44,3.882104158401489e-05
80,45,4.059803485870361e-05
80,46,4.003214836120606e-05
80,47,3.9857268333435056e-05
80,48,6.409335136413574e-05
80,49,4.0772557258605954e-05
80,50,4.078960418701172e-05
81,1,1.0709166526794433e-05
81,2,1.3479351997375487e-05
81,3,1.617330312728882e-05
81,4,1.8802046775817873e-05
81,5,2.1556496620178224e-05
81,6,2.4548292160034178e-05
81,7,2.6985645294189455e-05
81,8,2.9358327388763427e-05
81,9,3.081732988357544e-05
81,10,3.1673729419708255e-05
81,11,3.24329137802124e-05
81,12,3.2693088054656984e-05
81,13,3.267806768417358e-05
81,14,3.3310830593109134e-05
81,15,3.3153235912323e-05
81,16,3.328537940979004e-05
81,17,3.428512811660766e-05
81,18,3.4038007259368896e-05
81,19,3.4504830837249755e-05
81,20,3.446066379547119e-05
81,21,3.513705730438232e-05
81,22,3.468304872512817e-05
81,23,3.49956750869751e-05
81,24,3.5413682460784914e-05
81,25,3.537201881408691e-05
81,26,3.599172830581665e-05
81,27,3.6172747611999514e-05
81,28,3.587275743484497e-05
81,29,3.6286532878875734e-05
81,30,3.624212741851807e-05
81,31,3.7122666835784915e-05
81,32,6.116312742233276e-05
81,33,3.7458062171936036e-05
81,34,3.741133213043213e-05
81,35,3.7503778934478757e-05
81,36,3.740668296813965e-05
81,37,3.836911916732788e-05
81,38,3.794240951538086e-05
81,39,3.9121270179748535e-05
81,40,3.862124681472778e-05
81,41,3.916168212890625e-05
81,42,3.8656890392303464e-05
81,43,3.9408445358276366e-05
81,44,3.9495348930358884e-05
81,45,3.98404598236084e-05
81,46,3.9443135261535643e-05
81,47,4.049360752105713e-05
81,48,3.9897382259368894e-05
81,49,4.042273759841919e-05
81,50,4.023474454879761e-05
82,1,1.0679066181182861e-05
82,2,1.316910982131958e-05
82,3,1.648867130279541e-05
82,4,1.8965601921081543e-05
82,5,2.213972806930542e-05
82,6,2.5029242038726806e-05
82,7,2.8026044368743897e-05
82,8,3.0054748058319093e-05
82,9,3.1115591526031495e-05
82,10,3.196418285369873e-05
82,11,3.197634220123291e-05
82,12,5.743187665939331e-05
82,13,3.2801270484924314e-05
82,14,3.323382139205933e-05
82,15,3.307992219924927e-05
82,16,3.324031829833984e-05
82,17,3.361588716506958e-05
82,18,3.387171030044556e-05
82,19,3.427630662918091e-05
82,20,3.424638509750366e-05
82,21,3.4573614597320555e-05
82,22,3.4455180168151856e-05
82,23,3.479480743408203e-05
82,24,3.505516052246094e-05
82,25,3.580284118652344e-05
82,26,3.5696744918823245e-05
82,27,3.585124015808106e-05
82,28,3.591716289520264e-05
82,29,3.607255220413208e-05
82,30,3.679394721984863e-05
82,31,3.6797642707824705e-05
82,32,3.742218017578125e-05
82,33,3.77083420753479e-05
82,34,3.780871629714966e-05
82,35,3.82038950920105e-05
82,36,6.177449226379395e-05
82,37,3.800565004348755e-05
82,38,3.807753324508667e-05
82,39,3.901451826095581e-05
82,40,3.820544481277466e-05
82,41,3.912347555160523e-05
82,42,3.867465257644653e-05
82,43,3.93294095993042e-05
82,44,3.944969177246094e-05
82,45,3.944921493530273e-05
82,46,3.988349437713623e-05
82,47,3.9870262145996096e-05
82,48,3.985625505447388e-05
82,49,4.0836870670318605e-05
82,50,4.02987003326416e-05
83,1,1.0542690753936768e-05
83,2,1.3041913509368896e-05
83,3,1.5890061855316163e-05
83,4,1.865410804748535e-05
83,5,2.128797769546509e-05
83,6,2.4246454238891602e-05
83,7,2.713257074356079e-05
83,8,2.937495708465576e-05
83,9,3.121179342269898e-05
83,10,3.212606906890869e-05
83,11,3.2017588615417484e-05
83,12,3.2856225967407226e-05
83,13,3.32910418510437e-05
83,14,3.3196866512298585e-05
83,15,3.307133913040161e-05
83,16,3.324103355407715e-05
83,17,5.904853343963623e-05
83,18,3.383481502532959e-05
83,19,3.465062379837036e-05
83,20,3.42521071434021e-05
83,21,3.481030464172363e-05
83,22,3.450381755828858e-05
83,23,3.5105288028717044e-05
83,24,3.490513563156128e-05
83,25,3.580749034881592e-05
83,26,3.599834442138672e-05
83,27,3.593999147415161e-05
83,28,3.5865068435668946e-05
83,29,3.606557846069336e-05
83,30,3.64457368850708e-05
83,31,3.660792112350464e-05
83,32,3.655201196670532e-05
83,33,3.6878347396850586e-05
83,34,3.759276866912842e-05
83,35,3.805631399154663e-05
83,36,3.7956535816192624e-05
83,37,3.797239065170288e-05
83,38,3.789997100830078e-05
83,39,3.8775742053985594e-05
83,40,3.834038972854614e-05
83,41,3.9122164249420165e-05
83,42,3.9166271686553955e-05
83,43,3.934085369110107e-05
83,44,3.9857268333435056e-05
83,45,3.968054056167603e-05
83,46,4.0003299713134766e-05
83,47,6.480169296264648e-05
83,48,4.037785530090332e-05
83,49,4.030966758728027e-05
83,50,4.10231351852417e-05
84,1,1.0625243186950684e-05
84,2,1.368051767349243e-05
84,3,1.6750693321228026e-05
84,4,1.9478261470794678e-05
84,5,2.2938251495361327e-05
84,6,2.6628851890563964e-05
84,7,2.9499292373657226e-05
84,8,3.122591972351074e-05
84,9,3.22188138961792e-05
84,10,3.243178129196167e-05
84,11,3.227317333221435e-05
84,12,3.2963335514068604e-05
84,13,3.324437141418457e-05
84,14,3.327178955078125e-05
84,15,3.372770547866821e-05
84,16,3.365737199783325e-05
84,17,3.3585190773010254e-05
84,18,3.4360826015472415e-05
84,19,3.4387648105621336e-05
84,20,3.424131870269776e-05
84,21,3.4579932689666746e-05
84,22,3.508847951889038e-05
84,23,3.513038158416748e-05
84,24,3.5370290279388426e-05
84,25,3.524255752563477e-05
84,26,3.551924228668213e-05
84,27,3.598201274871826e-05
84,28,3.572583198547363e-05
84,29,3.670108318328857e-05
84,30,6.127136945724487e-05
84,31,3.6234855651855466e-05
84,32,3.6452889442443846e-05
84,33,3.743922710418701e-05
84,34,3.744673728942871e-05
84,35,3.7814676761627195e-05
84,36,3.774702548980713e-05
84,37,3.7784814834594725e-05
84,38,3.776293992996216e-05
84,39,3.858047723770142e-05
84,40,3.8292407989501956e-05
84,41,3.9031445980072025e-05
84,42,3.9312779903411863e-05
84,43,3.930467367172241e-05
84,44,3.890436887741089e-05
84,45,3.9259552955627445e-05
84,46,3.990131616592407e-05
84,47,3.990906476974487e-05
84,48,3.983575105667114e-05
84,49,4.093074798583984e-05
84,50,4.038256406784057e-05
85,1,1.124352216720581e-05
85,2,1.3581037521362305e-05
85,3,1.6265809535980224e-05
85,4,1.9165992736816407e-05
85,5,2.2441983222961426e-05
85,6,2.5944411754608153e-05
85,7,2.8672337532043455e-05
85,8,3.072929382324219e-05
85,9,3.198182582855225e-05
85,10,3.2131910324096676e-05
85,11,3.24590802192688e-05
85,12,3.265035152435303e-05
85,13,3.25615406036377e-05
85,14,3.336888551712036e-05
85,15,3.330904245376587e-05
85,16,5.84762692451477e-05
85,17,3.362983465194702e-05
85,18,3.431457281112671e-05
85,19,3.428453207015991e-05
85,20,3.4753680229187015e-05
85,21,3.446221351623535e-05
85,22,3.456050157546997e-05
85,23,3.496402502059937e-05
85,24,3.494107723236084e-05
85,25,3.5986781120300295e-05
85,26,3.5391390323638916e-05
85,27,3.599262237548828e-05
85,28,3.557127714157105e-05
85,29,3.6441564559936525e-05
85,30,3.628385066986084e-05
85,31,3.693932294845581e-05
85,32,3.714883327484131e-05
85,33,3.73876690864563e-05
85,34,3.7519991397857666e-05
85,35,3.8001060485839845e-05
85,36,3.803104162216186e-05
85,37,3.782361745834351e-05
85,38,3.819221258163452e-05
85,39,3.876274824142456e-05
85,40,3.826612234115601e-05
85,41,6.340032815933228e-05
85,42,3.912365436553955e-05
85,43,3.945237398147583e-05
85,44,3.948497772216797e-05
85,45,3.9263486862182615e-05
85,46,3.9482414722442625e-05
85,47,4.028266668319702e-05
85,48,3.995823860168457e-05
85,49,4.086828231811523e-05
85,50,4.0270090103149414e-05
86,1,1.126152276992798e-05
86,2,1.3841509819030762e-05
86,3,1.713132858276367e-05
86,4,1.8886923789978028e-05
86,5,2.1823465824127197e-05
86,6,2.5051593780517578e-05
86,7,2.7916371822357177e-05
86,8,3.0191481113433838e-05
86,9,3.139978647232056e-05
86,10,3.201085329055786e-05
86,11,3.1976878643035886e-05
86,12,3.2706797122955325e-05
86,13,3.3191263675689696e-05
86,14,3.324359655380249e-05
86,15,3.312188386917114e-05
86,16,3.3460259437561035e-05
86,17,3.406435251235962e-05
86,18,3.399384021759033e-05
86,19,3.437519073486328e-05
86,20,3.436589241027832e-05
86,21,3.5047650337219235e-05
86,22,3.5252392292022706e-05
86,23,3.492891788482666e-05
86,24,3.4939050674438474e-05
86,25,5.927866697311401e-05
86,26,3.598421812057495e-05
86,27,3.631836175918579e-05
86,28,3.573530912399292e-05
86,29,3.642439842224121e-05
86,30,3.632640838623047e-05
86,31,3.6937415599823e-05
86,32,3.69383692741394e-05
86,33,3.7616848945617675e-05
86,34,3.779143095016479e-05
86,35,3.747624158859253e-05
86,36,3.75564694404602e-05
86,37,3.7883996963500975e-05
86,38,3.799015283584595e-05
86,39,3.8742303848266605e-05
86,40,3.836393356323242e-05
86,41,3.8667738437652586e-05
86,42,3.889614343643188e-05
86,43,3.928720951080322e-05
86,44,3.950190544128418e-05
86,45,3.926432132720947e-05
86,46,3.96878719329834e-05
86,47,3.9989054203033446e-05
86,48,4.056215286254883e-05
86,49,6.469106674194336e-05
86,50,4.0593087673187255e-05
87,1,1.1310994625091552e-05
87,2,1.3171494007110595e-05
87,3,1.607745885848999e-05
87,4,1.8810391426086427e-05
87,5,2.137613296508789e-05
87,6,2.384728193283081e-05
87,7,2.7010560035705565e-05
87,8,2.9575884342193605e-05
87,9,3.103178739547729e-05
87,10,3.204214572906494e-05
87,11,3.2356083393096925e-05
87,12,3.26964259147644e-05
87,13,3.2693326473236087e-05
87,14,3.325873613357544e-05
87,15,3.3662796020507814e-05
87,16,3.3699333667755125e-05
87,17,3.3673763275146484e-05
87,18,3.387457132339478e-05
87,19,3.4427642822265626e-05
87,20,3.420674800872803e-05
87,21,3.453344106674194e-05
87,22,3.4700751304626466e-05
87,23,3.522920608520508e-05
87,24,3.498011827468872e-05
87,25,3.5326719284057615e-05
87,26,3.582143783569336e-05
87,27,3.659343719482422e-05
87,28,3.5742580890655514e-05
87,29,3.698652982711792e-05
87,30,3.635144233703613e-05
87,31,3.727257251739502e-05
87,32,6.124472618103028e-05
87,33,3.7560343742370606e-05
87,34,3.749358654022217e-05
87,35,3.818660974502563e-05
87,36,3.740692138671875e-05
87,37,3.794890642166138e-05
87,38,3.8375377655029296e-05
87,39,3.8339734077453616e-05
87,40,3.823119401931763e-05
87,41,3.8693308830261234e-05
87,42,3.921574354171753e-05
87,43,3.9674162864685056e-05
87,44,3.9693951606750485e-05
87,45,3.941589593887329e-05
87,46,4.015374183654785e-05
87,47,4.0252447128295896e-05
87,48,3.979921340942383e-05
87,49,4.050004482269287e-05
87,50,4.061681032180786e-05
88,1,1.0760307312011718e-05
88,2,1.3770341873168945e-05
88,3,1.6859829425811767e-05
88,4,1.951068639755249e-05
88,5,2.2167682647705077e-05
88,6,2.5470197200775147e-05
88,7,2.8073489665985108e-05
88,8,3.0461013317108154e-05
88,9,3.199714422225952e-05
88,10,3.250396251678467e-05
88,11,5.770719051361084e-05
88,12,3.264260292053223e-05
88,13,3.2817721366882326e-05
88,14,3.2864511013031006e-05
88,15,3.3116936683654786e-05
88,16,3.314667940139771e-05
88,17,3.4115612506866456e-05
88,18,3.3840298652648925e-05
88,19,3.441476821899414e-05
88,20,3.46442461013794e-05
88,21,3.497356176376343e-05
88,22,3.505516052246094e-05
88,23,3.498876094818115e-05
88,24,3.5490751266479494e-05
88,25,3.5670936107635495e-05
88,26,3.574967384338379e-05
88,27,3.639298677444458e-05
88,28,3.6230862140655515e-05
88,29,3.6794543266296383e-05
88,30,3.706759214401245e-05
88,31,3.710728883743286e-05
88,32,3.691726922988892e-05
88,33,3.757816553115845e-05
88,34,3.771954774856567e-05
88,35,3.806793689727783e-05
88,36,3.808051347732544e-05
88,37,3.8528740406036375e-05
88,38,6.317001581192017e-05
88,39,3.8533270359039306e-05
88,40,3.827029466629028e-05
88,41,3.9122521877288816e-05
88,42,3.9285480976104736e-05
88,43,3.971785306930542e-05
88,44,3.961503505706787e-05
88,45,3.9325058460235595e-05
88,46,3.9460837841033936e-05
88,47,3.996652364730835e-05
88,48,3.994154930114746e-05
88,49,4.0506303310394285e-05
88,50,4.1007518768310545e-05
89,1,1.085752248764038e-05
89,2,1.3534724712371825e-05
89,3,1.6708195209503174e-05
89,4,1.9201278686523438e-05
89,5,2.228367328643799e-05
89,6,2.5331199169158937e-05
89,7,2.781379222869873e-05
89,8,3.005373477935791e-05
89,9,3.1567096710205075e-05
89,10,3.230905532836914e-05
89,11,3.237932920455933e-05
89,12,3.2604873180389405e-05
89,13,3.324800729751587e-05
89,14,3.336453437805176e-05
89,15,3.372496366500855e-05
89,16,3.335624933242798e-05
89,17,3.426831960678101e-05
89,18,3.460073471069336e-05
89,19,3.435772657394409e-05
89,20,3.485715389251709e-05
89,21,3.515899181365967e-05
89,22,3.509902954101563e-05
89,23,5.976825952529907e-05
89,24,3.545278310775757e-05
89,25,3.585654497146606e-05
89,26,3.578430414199829e-05
89,27,3.6491036415100095e-05
89,28,3.5613715648651124e-05
89,29,3.652089834213257e-05
89,30,3.621166944503784e-05
89,31,3.720754384994507e-05
89,32,3.6502063274383546e-05
89,33,3.740721940994263e-05
89,34,3.6952853202819825e-05
89,35,3.794252872467041e-05
89,36,3.738194704055786e-05
89,37,3.78037691116333e-05
89,38,3.783440589904785e-05
89,39,3.870236873626709e-05
89,40,3.892147541046143e-05
89,41,3.8666069507598874e-05
89,42,3.930330276489258e-05
89,43,4.00162935256958e-05
89,44,3.8988709449768064e-05
89,45,3.923225402832031e-05
89,46,3.9371907711029055e-05
89,47,4.032719135284424e-05
89,48,4.024738073348999e-05
89,49,4.080396890640259e-05
89,50,4.09466028213501e-05
90,1,1.084589958190918e-05
90,2,1.3317227363586425e-05
90,3,1.611548662185669e-05
90,4,1.8791854381561278e-05
90,5,2.1511852741241455e-05
90,6,2.453160285949707e-05
90,7,2.7161478996276856e-05
90,8,2.931636571884155e-05
90,9,5.563968420028687e-05
90,10,3.213435411453247e-05
90,11,3.214025497436524e-05
90,12,3.2861769199371335e-05
90,13,3.2645225524902345e-05
90,14,3.257924318313599e-05
90,15,3.3575296401977536e-05
90,16,3.356373310089111e-05
90,17,3.3677339553833004e-05
90,18,3.38824987411499e-05
90,19,3.425502777099609e-05
90,20,3.4798622131347654e-05
90,21,3.502333164215088e-05
90,22,3.465956449508667e-05
90,23,3.495866060256958e-05
90,24,3.55796217918396e-05
90,25,3.571730852127075e-05
90,26,3.601080179214477e-05
90,27,3.637951612472534e-05
90,28,3.590148687362671e-05
90,29,3.61328125e-05
90,30,3.6834359169006345e-05
90,31,3.704392910003662e-05
90,32,3.73765230178833e-05
90,33,3.747069835662842e-05
90,34,3.771507740020752e-05
90,35,6.305736303329467e-05
90,36,3.812521696090698e-05
90,37,3.804653882980347e-05
90,38,3.8280189037323e-05
90,39,3.832805156707764e-05
90,40,3.828859329223633e-05
90,41,3.913915157318115e-05
90,42,3.92446517944336e-05
90,43,3.9752483367919924e-05
90,44,3.945660591125488e-05
90,45,3.985178470611572e-05
90,46,3.956681489944458e-05
90,47,4.049378633499146e-05
90,48,4.046577215194702e-05
90,49,4.0814757347106936e-05
90,50,4.0813446044921874e-05
91,1,1.1593401432037353e-05
91,2,1.3350844383239747e-05
91,3,1.6257822513580324e-05
91,4,1.9001066684722902e-05
91,5,2.2181153297424315e-05
91,6,2.562081813812256e-05
91,7,2.825927734375e-05
91,8,3.013235330581665e-05
91,9,3.1399190425872806e-05
91,10,3.241050243377686e-05
91,11,3.2767772674560544e-05
91,12,3.2980263233184815e-05
91,13,3.290599584579468e-05
91,14,3.3230900764465335e-05
91,15,3.365480899810791e-05
91,16,3.374713659286499e-05
91,17,3.416532278060913e-05
91,18,3.412902355194092e-05
91,19,5.931508541107178e-05
91,20,3.414231538772583e-05
91,21,3.442442417144776e-05
91,22,3.432375192642212e-05
91,23,3.5216212272644045e-05
91,24,3.52519154548645e-05
91,25,3.553640842437744e-05
91,26,3.6009609699249265e-05
91,27,3.606069087982178e-05
91,28,3.6134600639343265e-05
91,29,3.669381141662598e-05
91,30,3.6035776138305667e-05
91,31,3.6917030811309815e-05
91,32,3.669804334640503e-05
91,33,3.690344095230102e-05
91,34,3.7538886070251465e-05
91,35,3.7427067756652834e-05
91,36,3.784483671188355e-05
91,37,3.7828028202056885e-05
91,38,3.827172517776489e-05
91,39,3.849512338638306e-05
91,40,3.82760763168335e-05
91,41,3.9009273052215575e-05
91,42,3.897082805633545e-05
91,43,6.49029016494751e-05
91,44,3.934693336486816e-05
91,45,3.9146125316619875e-05
91,46,3.9378762245178226e-05
91,47,3.99819016456604e-05
91,48,4.029965400695801e-05
91,49,4.037767648696899e-05
91,50,4.053199291229248e-05
92,1,1.1071383953094483e-05
92,2,1.351761817932129e-05
92,3,1.6638040542602538e-05
92,4,1.9272863864898683e-05
92,5,2.2388219833374025e-05
92,6,2.6220321655273437e-05
92,7,2.8814196586608888e-05
92,8,3.104090690612793e-05
92,9,3.1681418418884275e-05
92,10,3.26191782951355e-05
92,11,3.28669548034668e-05
92,12,3.23176383972168e-05
92,13,3.258228302001953e-05
92,14,3.299939632415772e-05
92,15,3.310298919677734e-05
92,16,3.3491432666778566e-05
92,17,3.3540010452270506e-05
92,18,3.383105993270874e-05
92,19,3.43247652053833e-05
92,20,3.42223048210144e-05
92,21,3.502416610717773e-05
92,22,3.4910976886749264e-05
92,23,3.5323143005371095e-05
92,24,3.5465359687805175e-05
92,25,6.024914979934692e-05
92,26,3.5829246044158936e-05
92,27,3.6372601985931396e-05
92,28,3.599023818969727e-05
92,29,3.6096751689910886e-05
92,30,3.6492466926574705e-05
92,31,3.656107187271118e-05
92,32,3.654611110687256e-05
92,33,3.7336528301239015e-05
92,34,3.687030076980591e-05
92,35,3.7460744380950926e-05
92,36,3.779572248458862e-05
92,37,3.767108917236328e-05
92,38,3.789025545120239e-05
92,39,3.822183609008789e-05
92,40,3.812408447265625e-05
92,41,3.86420488357544e-05
92,42,3.9356350898742674e-05
92,43,3.982508182525635e-05
92,44,3.883433341979981e-05
92,45,3.924804925918579e-05
92,46,3.94284725189209e-05
92,47,4.047924280166626e-05
92,48,3.985106945037842e-05
92,49,4.0404558181762694e-05
92,50,4.048246145248413e-05
93,1,1.1110246181488037e-05
93,2,1.3073980808258057e-05
93,3,1.5789568424224852e-05
93,4,1.8192529678344728e-05
93,5,2.096855640411377e-05
93,6,2.3704707622528077e-05
93,7,5.07543683052063e-05
93,8,2.84731388092041e-05
93,9,2.9568195343017578e-05
93,10,3.100097179412842e-05
93,11,3.130906820297241e-05
93,12,3.176009654998779e-05
93,13,3.2366335391998294e-05
93,14,3.300964832305908e-05
93,15,3.350323438644409e-05
93,16,3.3015727996826174e-05
93,17,3.4040868282318115e-05
93,18,3.3982038497924806e-05
93,19,3.43359112739563e-05
93,20,3.431302309036255e-05
93,21,3.493326902389526e-05
93,22,3.463435173034668e-05
93,23,3.512752056121826e-05
93,24,3.5298407077789303e-05
93,25,3.571766614913941e-05
93,26,3.571575880050659e-05
93,27,3.628385066986084e-05
93,28,3.614151477813721e-05
93,29,3.665822744369507e-05
93,30,3.6841392517089844e-05
93,31,3.646016120910645e-05
93,32,3.7190854549407956e-05
93,33,3.7341535091400144e-05
93,34,6.311309337615967e-05
93,35,3.729802370071411e-05
93,36,3.791403770446777e-05
93,37,3.808104991912842e-05
93,38,3.833472728729248e-05
93,39,3.836292028427124e-05
93,40,3.877103328704834e-05
93,41,3.8841426372528073e-05
93,42,3.921204805374146e-05
93,43,3.977292776107788e-05
93,44,3.9752662181854246e-05
93,45,3.988242149353027e-05
93,46,3.963303565979004e-05
93,47,3.9856553077697755e-05
93,48,4.053586721420288e-05
93,49,4.0936827659606936e-05
93,50,4.054713249206543e-05
94,1,1.0592281818389893e-05
94,2,1.3333559036254882e-05
94,3,1.6459167003631592e-05
94,4,1.908230781555176e-05
94,5,2.2201120853424073e-05
94,6,2.5579571723937988e-05
94,7,2.8290867805480957e-05
94,8,3.0276238918304445e-05
94,9,3.121763467788696e-05
94,10,3.238850831985474e-05
94,11,3.286159038543701e-05
94,12,3.27264666557312e-05
94,13,3.313595056533813e-05
94,14,3.265881538391113e-05
94,15,3.309011459350586e-05
94,16,3.319102525711059e-05
94,17,5.8987319469451906e-05
94,18,3.438973426818848e-05
94,19,3.429627418518066e-05
94,20,3.417545557022095e-05
94,21,3.4254252910614016e-05
94,22,3.4420013427734374e-05
94,23,3.529208898544311e-05
94,24,3.525078296661377e-05
94,25,3.556519746780395e-05
94,26,3.5580754280090334e-05
94,27,3.6161184310913084e-05
94,28,3.623801469802856e-05
94,29,3.596526384353638e-05
94,30,3.661811351776123e-05
94,31,3.7016987800598146e-05
94,32,3.652626276016235e-05
94,33,3.686016798019409e-05
94,34,3.696584701538086e-05
94,35,3.740429878234863e-05
94,36,3.7931203842163086e-05
94,37,3.7925124168396e-05
94,38,3.793364763259888e-05
94,39,3.848862648010254e-05
94,40,3.8742661476135256e-05
94,41,3.906506299972534e-05
94,42,6.40331506729126e-05
94,43,3.953021764755249e-05
94,44,3.887397050857544e-05
94,45,3.932332992553711e-05
94,46,3.988224267959595e-05
94,47,3.98600697517395e-05
94,48,3.977382183074951e-05
94,49,4.023349285125732e-05
94,50,4.0774941444396975e-05
95,1,1.1174201965332032e-05
95,2,1.3848841190338135e-05
95,3,1.6808986663818358e-05
95,4,1.9195377826690675e-05
95,5,2.2518336772918702e-05
95,6,2.6148200035095216e-05
95,7,2.898693084716797e-05
95,8,3.0748844146728515e-05
95,9,3.1435906887054446e-05
95,10,3.2443344593048094e-05
95,11,3.238743543624878e-05
95,12,3.248292207717895e-05
95,13,3.284066915512085e-05
95,14,3.3259868621826174e-05
95,15,3.37103009223938e-05
95,16,3.325796127319336e-05
95,17,3.354281187057495e-05
95,18,3.443610668182373e-05
95,19,3.50722074508667e-05
95,20,3.45233678817749e-05
95,21,3.449678421020508e-05
95,22,3.486520051956177e-05
95,23,3.4861326217651366e-05
95,24,6.111955642700195e-05
95,25,3.570199012756348e-05
95,26,3.645211458206177e-05
95,27,3.6586284637451174e-05
95,28,3.637713193893433e-05
95,29,3.674387931823731e-05
95,30,3.697097301483154e-05
95,31,3.734815120697021e-05
95,32,3.652536869049072e-05
95,33,3.68911623954773e-05
95,34,3.7418782711029054e-05
95,35,3.8152813911437986e-05
95,36,3.793293237686157e-05
95,37,3.901785612106323e-05
95,38,3.816401958465576e-05
95,39,3.8659095764160155e-05
95,40,3.886359930038452e-05
95,41,3.8847744464874264e-05
95,42,3.930789232254028e-05
95,43,3.9883553981781005e-05
95,44,3.930062055587769e-05
95,45,3.942030668258667e-05
95,46,4.004502296447754e-05
95,47,4.002010822296143e-05
95,48,4.0192484855651854e-05
95,49,4.0777802467346193e-05
95,50,6.614178419113159e-05
96,1,1.0820269584655761e-05
96,2,1.3231635093688965e-05
96,3,1.616448163986206e-05
96,4,1.844865083694458e-05
96,5,2.1294713020324708e-05
96,6,2.4031102657318116e-05
96,7,2.6766419410705565e-05
96,8,2.9121875762939453e-05
96,9,3.082430362701416e-05
96,10,3.203177452087402e-05
96,11,3.215938806533813e-05
96,12,3.266149759292603e-05
96,13,3.3025085926055906e-05
96,14,3.329390287399292e-05
96,15,3.3541083335876465e-05
96,16,3.341412544250488e-05
96,17,3.381216526031494e-05
96,18,3.427833318710327e-05
96,19,3.4623682498931885e-05
96,20,3.4647107124328616e-05
96,21,3.45117449760437e-05
96,22,3.493863344192505e-05
96,23,3.503286838531494e-05
96,24,3.504037857055664e-05
96,25,3.5413682460784914e-05
96,26,3.6201357841491696e-05
96,27,3.655052185058594e-05
96,28,3.6464571952819824e-05
96,29,3.621673583984375e-05
96,30,3.692466020584107e-05
96,31,3.6892354488372804e-05
96,32,3.709191083908081e-05
96,33,3.772711753845215e-05
96,34,6.261491775512695e-05
96,35,3.751665353775024e-05
96,36,3.777778148651123e-05
96,37,3.782904148101807e-05
96,38,3.7927210330963134e-05
96,39,3.854507207870483e-05
96,40,3.839600086212158e-05
96,41,3.884464502334595e-05
96,42,3.930914402008057e-05
96,43,3.999483585357666e-05
96,44,3.9492547512054446e-05
96,45,3.991067409515381e-05
96,46,4.069441556930542e-05
96,47,4.0714621543884276e-05
96,48,4.0499091148376464e-05
96,49,4.050374031066894e-05
96,50,4.070228338241577e-05
97,1,1.1624872684478759e-05
97,2,1.3664662837982177e-05
97,3,1.6599774360656738e-05
97,4,1.933455467224121e-05
97,5,2.2371947765350342e-05
97,6,2.544713020324707e-05
97,7,2.8471291065216063e-05
97,8,3.052043914794922e-05
97,9,3.1364202499389646e-05
97,10,3.2443583011627197e-05
97,11,3.240048885345459e-05
97,12,3.2856762409210205e-05
97,13,3.337305784225464e-05
97,14,3.276753425598145e-05
97,15,6.039530038833618e-05
97,16,3.314298391342163e-05
97,17,3.418302536010742e-05
97,18,3.465288877487183e-05
97,19,3.4286975860595704e-05
97,20,3.427094221115112e-05
97,21,3.508561849594116e-05
97,22,3.518295288085938e-05
97,23,3.5057008266448974e-05
97,24,3.52250337600708e-05
97,25,3.5398542881011963e-05
97,26,3.574073314666748e-05
97,27,3.6556363105773924e-05
97,28,3.608912229537964e-05
97,29,3.627651929855347e-05
97,30,3.6964893341064454e-05
97,31,3.724998235702515e-05
97,32,3.7028849124908446e-05
97,33,3.7685751914978024e-05
97,34,4.0678977966308595e-05
97,35,3.839385509490967e-05
97,36,3.820312023162842e-05
97,37,3.8097381591796875e-05
97,38,3.868532180786133e-05
97,39,3.880620002746582e-05
97,40,3.9255738258361815e-05
97,41,6.400871276855468e-05
97,42,3.9147913455963135e-05
97,43,3.902381658554077e-05
97,44,3.952914476394653e-05
97,45,3.995418548583985e-05
97,46,4.005539417266846e-05
97,47,4.001975059509277e-05
97,48,4.041403532028198e-05
97,49,4.104125499725342e-05
97,50,4.073655605316162e-05
98,1,1.1050701141357422e-05
98,2,1.3225615024566651e-05
98,3,1.5888452529907228e-05
98,4,1.8356382846832275e-05
98,5,2.1380245685577394e-05
98,6,2.4782180786132813e-05
98,7,2.7279794216156004e-05
98,8,2.9416501522064208e-05
98,9,3.1346023082733154e-05
98,10,3.149843215942383e-05
98,11,3.2359778881073e-05
98,12,3.2605588436126706e-05
98,13,3.3296942710876465e-05
98,14,3.282332420349121e-05
98,15,3.377437591552734e-05
98,16,3.333377838134766e-05
98,17,3.3807694911956784e-05
98,18,3.4452497959136966e-05
98,19,3.4426510334014894e-05
98,20,3.438341617584228e-05
98,21,3.4647583961486814e-05
98,22,3.469651937484741e-05
98,23,3.5723745822906496e-05
98,24,3.5396397113800046e-05
98,25,6.068140268325806e-05
98,26,3.591597080230713e-05
98,27,3.641659021377564e-05
98,28,3.622257709503174e-05
98,29,3.6661744117736816e-05
98,30,3.655487298965454e-05
98,31,3.66787314414978e-05
98,32,3.7086069583892824e-05
98,33,3.7686705589294435e-05
98,34,3.706401586532593e-05
98,35,3.780364990234375e-05
98,36,3.828287124633789e-05
98,37,3.814488649368286e-05
98,38,3.805863857269287e-05
98,39,3.9017021656036376e-05
98,40,3.855520486831665e-05
98,41,3.906786441802979e-05
98,42,3.948318958282471e-05
98,43,3.94708514213562e-05
98,44,3.970444202423096e-05
98,45,3.945934772491455e-05
98,46,4.016786813735962e-05
98,47,4.00775671005249e-05
98,48,3.999364376068115e-05
98,49,4.096317291259766e-05
98,50,4.025453329086304e-05
99,1,1.1064648628234862e-05
99,2,1.2964367866516113e-05
99,3,1.555114984512329e-05
99,4,1.837068796157837e-05
99,5,2.136993408203125e-05
99,6,2.4074971675872803e-05
99,7,2.6838958263397218e-05
99,8,2.874976396560669e-05
99,9,5.578792095184326e-05
99,10,3.095287084579468e-05
99,11,3.125894069671631e-05
99,12,3.226077556610107e-05
99,13,3.2454907894134524e-05
99,14,3.3018052577972413e-05
99,15,3.362298011779785e-05
99,16,3.366935253143311e-05
99,17,3.426235914230347e-05
99,18,3.3872485160827633e-05
99,19,3.417474031448364e-05
99,20,3.470885753631592e-05
99,21,3.5124719142913816e-05
99,22,3.5188674926757816e-05
99,23,3.560608625411987e-05
99,24,3.5668611526489255e-05
99,25,3.522330522537231e-05
99,26,3.6070466041564943e-05
99,27,3.584855794906616e-05
99,28,3.5950422286987306e-05
99,29,3.679323196411133e-05
99,30,3.7013351917266845e-05
99,31,3.716987371444702e-05
99,32,3.6948680877685544e-05
99,33,3.775358200073242e-05
99,34,3.788787126541138e-05
99,35,3.7563920021057127e-05
99,36,3.830832242965698e-05
99,37,6.451088190078736e-05
99,38,3.7950098514556885e-05
99,39,3.910273313522339e-05
99,40,3.84596586227417e-05
99,41,3.9093196392059326e-05
99,42,3.9353907108306886e-05
99,43,3.908330202102661e-05
99,44,3.9106130599975585e-05
99,45,3.9595305919647215e-05
99,46,3.963625431060791e-05
99,47,4.0654659271240235e-05
99,48,4.014444351196289e-05
99,49,4.1252613067626956e-05
99,50,4.0330767631530764e-05
